feature_0,feature_1,feature_2,feature_3,feature_4,feature_5,feature_6,feature_7,feature_8,feature_9,cluster
-2.8519121395795195,8.212008858976702,4.478593124562092,2.3772205407552702,-4.99344128994074,-6.705531780444107,-8.580777365913246,7.2490769997325355,0.10352901956513416,4.134937680471692,0
-1.3414155613929428,9.268706971499535,4.9774814983033036,1.5612927178182647,-7.3672334152237635,-7.312667781095567,-8.443875614257713,6.902538434678441,2.3120750917605886,6.236852354566348,0
1.5539227513076925,-8.979821893723608,-9.11118888531888,9.891184477084073,9.850270564441066,6.596133210139797,-4.187717918407066,-9.325588456092108,4.199954851867605,-2.031231935242598,3
1.771252325329427,-7.360960498525858,-4.2310545949040295,-3.1244226102857886,-0.6835753316311538,4.945237158972683,-7.137139691770332,0.9073999921725011,2.4778209614626605,-9.875307505260038,2
3.862937322046659,-8.337154036082431,-8.264198075737518,9.45314142759329,8.517083593550305,6.5923409001902336,-2.628205946772428,-10.263376559226387,4.187405337733952,-3.6902209455380506,3
0.8337651180821815,-5.813489612410694,-9.701185159221135,8.225275507713631,7.84585547087551,5.666544815443585,-2.932412158054608,-7.530929631428365,4.663082642271172,-0.6748075792740372,3
2.3634710686609814,-5.562531262934438,-7.593067715937101,8.413763257008423,8.496423416949222,6.2460900252988685,-3.0460884920346425,-7.907497321218904,2.1076640480521402,-1.9997745691588154,3
-9.407288555380244,8.10136509528404,7.048540767761077,-6.404574680226306,-6.892117337607744,-5.7455457841762305,-2.6768720693756096,0.5164002093808189,-1.0522666145587214,-2.473202251403923,1
-10.210959475818402,9.592804498477129,5.9063822303103874,-7.0732402976551825,-6.975269746763273,-6.3689465999797354,-4.344457365326505,-0.19729234722909872,-2.767417090829519,-4.258522768667856,1
2.057510179128818,-7.118849638702541,-10.213438449475177,9.299303956405904,11.06757373313843,6.186348593112659,-3.682460499285037,-7.353834964755462,2.4153300336964385,0.5055645329216325,3
-9.667951505329667,9.85056883948962,5.586459287861556,-5.3249106892268285,-6.550644920862537,-5.346179807251461,-2.7277690892444943,3.084692274663371,-0.7814664539441095,-3.849620879456995,1
-2.4333930648590236,8.33712441668621,5.614998569645852,1.8261123024385935,-7.705124387943782,-7.20149543492894,-8.425396302360387,6.7597983626947284,1.2000798392977443,4.405138767412821,0
3.472840086269744,-8.281176466608212,-3.4768909238451875,-1.480255621648191,-2.6571878996657974,6.02317105377925,-6.510704187840477,0.20316609517058665,2.195967860779186,-9.558220309713597,2
1.4510718618126075,-8.591167390112938,-3.853288433690761,-1.9512006290000223,-1.1094666895040495,7.156779891181307,-7.3451301565560545,0.9776073913038437,1.2424305564819564,-7.351613839392749,2
2.4976070156336863,-4.077960974669747,-10.539045884800162,8.945430134017196,9.95318359656596,6.2910251639854025,-4.0208526690483275,-9.345774083318146,3.917447273183301,-1.9537141022238993,3
2.6044057505832336,-7.571811560508849,-8.639983918704813,9.424583245869364,8.970091460633423,6.338410733325793,-4.870457181817199,-8.253168999568368,4.2948766998323595,-1.0399771642395388,3
2.6470962253920827,-7.124834238821829,-8.187468564932548,10.912864785126896,10.12814168393545,6.1198584549984485,-4.090875087585881,-8.403230854052193,4.865301442695282,-1.824263571159276,3
-9.80175298501416,10.888923180089838,6.797520273210547,-6.090303757552516,-6.976903319398927,-6.634379489419452,-4.303331959350475,0.665544855020245,-1.2005256461078206,-4.172371175885747,1
-1.0622197386990173,9.210840904709896,5.671723375696736,0.48760931090376003,-6.612576925282012,-5.99047879765251,-8.756043767360586,8.389003290564055,1.5050117847638034,5.570798996106489,0
1.7080801863835746,-8.266680429719415,-2.934023962200312,-2.931617534495998,-0.526095347302401,5.1331678614465925,-7.827127657381323,0.5547461266636546,-0.06396359817892705,-9.139625791685514,2
2.0564383235867636,-6.169907554230051,-9.562851100884176,10.257175676724417,10.354365325550038,6.751491265341109,-4.037241863396027,-7.46670043457719,2.9777679622557884,-0.341394466187261,3
-10.053620570864004,9.29224868893575,9.29319616302547,-7.25618811482963,-6.109760994363414,-5.86421663116589,-2.8293688158698984,0.5931117861156527,-1.0530490876535827,-4.567065763460953,1
-9.468729745669798,8.42512810235833,7.8454243176729275,-5.911747359461447,-6.3908051953679195,-7.2651777620045195,-4.358437392000756,-0.38967408138214366,-1.5340456870811081,-2.463708715896818,1
-4.115643943310323,9.217749764065545,3.883528090943798,0.5509159743430578,-7.526200075393796,-7.961657596890341,-7.151186121563446,8.205162672448154,2.0143275935475584,5.641395694810935,0
3.4469600998101626,-7.696674343056621,-9.064474077279675,8.826411524834144,7.916851459298702,6.759296204087621,-4.631714948275196,-8.241948071049345,3.2327111583312598,-1.9862886309276475,3
3.7407360162094503,-6.015446305360168,-7.299373495148616,7.635582996581551,7.9468165060757485,6.018977652561924,-3.4049401896373928,-6.250196896945358,4.390739444058269,-1.4396314020200065,3
-2.004210344072293,9.880041322368443,3.439582429172325,1.6386684480997835,-7.354572502312227,-7.533438825849658,-7.072873516354914,7.728504626459658,0.7614162805291305,5.079313502975685,0
-9.132422342002343,11.56319938814097,6.005334585628293,-4.82537765835324,-6.306487530960903,-6.063317524068067,-2.386686714396714,1.0029643889343811,-0.8228035481080522,-3.102909858729359,1
-3.4761737661819634,8.966574772056342,4.636276297137533,0.8148049947481892,-5.3762288893841195,-6.002747302700275,-9.059291930465674,7.350408754493234,2.2306830428117284,2.1197166874966182,0
2.329591754839242,-5.36030274195712,-8.095873455345576,8.127175466319622,11.797830578170078,6.432722273307201,-2.632333878533572,-8.198272153449551,4.218019774948587,-0.35748162068956835,3
2.3970761203003774,-6.708340050791618,-3.039708213393176,-1.2242639042332397,-1.2383689614483662,4.377471541778235,-6.419989517956082,0.5449692748551187,0.8845324510302389,-10.028142660495089,2
-8.954533233151853,9.811996140691384,6.463565157130727,-5.883038486167903,-6.319689183878878,-6.478911804559813,-2.951276024014336,2.7056516342361085,-1.9185914121655188,-5.545220175618239,1
2.4716827639614505,-6.395465582648296,-9.969029229006441,9.264666599368375,8.480685743996736,5.529664235800727,-4.723100244848708,-9.112792651771546,5.8094319332600985,0.13438893678043007,3
-7.574922866557328,9.534732374322623,6.283531264696327,-5.568537480569568,-7.710626945387684,-7.303523841441975,-2.71474123286482,-0.16176564632663848,-2.408010609839625,-3.6387644435118753,1
1.9718037530126102,-6.1936977451582464,-8.006112384476598,9.712348290525997,8.32683685282336,5.883791864400425,-2.712961754655649,-7.15191053229845,2.3118010787620733,-0.8454702248557714,3
-2.5862993324668544,9.355438103014965,4.916569635558121,2.8003529329767556,-6.866625299273363,-5.42657551611863,-9.102984589873966,10.043692082088322,2.6479675826291817,3.304293999504626,0
2.8342861127009744,-8.158470791183364,-3.693900737196514,-4.039900940586412,-0.03042610299261239,4.470995913091764,-5.454224419153283,0.9103197019182334,1.151519558811275,-8.488965178515318,2
2.213505743573352,-7.384477044861999,-3.931799107254695,-3.0422900629595246,-1.0100729113309483,6.529566399301779,-6.443288594071023,-1.3218883324664468,3.5978752814462704,-7.689537666909558,2
-0.38704142604011693,10.046751388749469,3.120508870274088,1.4889356110744807,-5.612716041964648,-7.587779058894728,-8.394508328489781,8.09815696892804,1.0953697632860928,4.101926199859109,0
-1.0580540152577085,9.973556954283529,6.793061293739658,1.2058221210526825,-6.007306554430592,-6.696767587537595,-6.648524823418338,6.5152246301435515,1.1825783926833995,3.5620589104768867,0
2.3463787695820573,-6.688362727493476,-8.262992750794364,6.445464659846981,9.994710151553818,6.294124865991188,-4.130199513310852,-5.999695524152764,3.0097265114525853,-1.600026114273004,3
3.1324133252101896,-7.841700516124495,-3.9039417912576555,-1.85241912151371,-0.9122128803629935,6.158260140001407,-6.522954000720377,0.08822218484413538,1.6424319463605095,-9.817570092140285,2
-0.6271731265777165,10.359706174353299,6.233065462867499,1.4619540075095467,-7.869232011409851,-7.005896513375594,-8.782602844347316,8.417714433969651,0.3298356051493563,5.691001875381523,0
-9.046847385879163,10.157352203542533,6.0723424152817165,-8.344260078579387,-6.9097451041104705,-5.940105797528777,-5.394066709583374,0.6784885524239129,-1.3764094763306807,-3.596125696438073,1
1.114513088203176,-8.127625607973426,-3.1394455624521345,-2.401267823300518,-0.3271240404197573,6.04410844426077,-5.615828435904661,-1.0417833600388504,2.895609083862298,-7.901401753172271,2
-2.2598139393419947,10.591739407961796,4.544583303841149,2.2521912097110715,-6.271730681434731,-6.693500470119589,-9.284761371186539,7.517612908397011,3.095931984723948,3.1349362565098486,0
-3.134016200748429,9.040377178409155,5.157537856697225,1.2474258707872665,-6.692860426674192,-7.635492525629269,-9.449845559627958,5.916861818650481,1.0990669887532714,2.8097669503045752,0
0.1324091736401285,-6.444453780294788,-7.905792452075732,8.855653612945389,8.854792275308698,6.008584730183315,-4.27830737893337,-9.394604831812488,2.9699798532527057,-0.6756702201941586,3
-11.093030488114954,10.158253006929488,6.731292568942939,-7.210769285899407,-6.672709732907851,-7.084066208521907,-3.595980630390065,1.8355790786679018,-3.2362720968034298,-4.060391116891744,1
0.17540926681162894,-5.83841807174686,-10.76405118655073,9.006168326249824,7.23482884163499,5.8476491577925795,-2.264346460728053,-7.685909828436527,2.8211669252782032,-1.228153614147057,3
-1.3506020440453461,8.19360380984661,5.6032549654724235,2.3859506108772304,-6.05756703115678,-4.9833166106219995,-9.08371587263888,6.569786751141214,1.1327858052386524,3.3456412709554706,0
2.90991913041441,-6.618308653217785,-4.511147740236661,-3.246364907023067,-0.7767440203972938,7.2525393793554604,-7.245631432486706,-1.1828364974802075,2.0130522184773665,-9.020104043744027,2
2.497500157781146,-7.7489646431519015,-5.165661713371845,-4.635388825798745,-0.5289502683595868,4.1387164564982175,-5.911180157391498,0.02124055218998344,2.5274341526790454,-9.37303724508991,2
-7.927050899536081,8.941100786653614,6.0466407556466555,-5.284443530359453,-7.361886095046279,-6.030117903111858,-3.1490748624245555,1.7220618565290648,-1.461253703637638,-4.379090946216127,1
-9.294752181917321,8.041615238616481,7.115282798441962,-5.788859268731961,-7.978632471763497,-5.1671704484741525,-4.649746717607295,-0.31512380436962373,-1.1605304299267423,-3.026779846610446,1
-1.6837812740647204,9.82779576419896,5.9453576433824304,1.9941735255734911,-6.197674219856307,-7.190376349869402,-8.514161404147568,7.193379861131018,2.119296199856894,4.756608581357822,0
-5.750464963121823,7.989898486864032,4.387310684834941,0.7253865019758825,-5.247215887219635,-8.310250971236579,-9.278372243332994,7.454263492784794,3.4635735239302914,2.7255894047414695,0
-2.5419508932687487,8.470861357064557,3.927033053550937,2.079599911632629,-7.134604408572125,-5.376116604693258,-11.489297565029023,8.415029767421165,3.268385427361805,2.0880613235127594,0
1.0472272094983972,-6.9203067505817275,-9.479167269411873,10.308285649105706,8.115852015064876,7.061644651718332,-3.0147707464238174,-6.216937518156234,3.27497393761364,-0.48462796562781096,3
-9.151750309926284,10.302131884326082,4.285920380466598,-6.762948491144415,-5.74434639485279,-4.2744143332196245,-3.8943614331338376,-0.2328743085843772,-1.5439960682625253,-2.8005407768909762,1
-10.306717379653149,10.293121420184328,6.353903137716408,-4.5054757137607435,-7.036991280101856,-6.052915640707521,-4.750502194069003,2.6402777604181455,-2.548698046187198,-3.8655964858121337,1
0.17267178865395616,-6.5425826241938,-6.801201123548433,8.02981802779768,8.478317615999606,6.931976743902081,-5.450526131742233,-8.679312749757361,4.28110166782489,-1.8312359728973762,3
1.1609392454767526,-6.624525136260406,-9.509969003923255,7.863664294904673,9.571301809346576,6.380686738186881,-3.124850881584014,-8.477683289447421,4.092713377079893,-0.6461525529343098,3
3.1869846890750226,-8.012492451515843,-9.669092400674053,8.580152979574946,10.550294419003185,6.547714598370117,-4.875770375042832,-8.356865425257226,3.070337386146843,-1.906739117441508,3
-10.02469600461052,9.288587239314055,6.5604898568031,-6.123228816316605,-6.62229671852509,-4.733262632426607,-3.3542356928680066,0.1996483146155969,-0.6641452226469495,-4.509236685795171,1
1.2462826630350003,-5.416760680986725,-8.033551316602631,10.918928181530415,8.434317584311449,5.789939063311004,-3.6762786940070145,-7.400068182146551,3.468992892695505,-2.0699112156616737,3
-12.012550374356893,10.282242439600935,7.385696713100869,-6.03454534355269,-6.296509938633116,-5.815970585227224,-5.477700997695788,-0.03392404470153754,-0.5668349475358581,-5.42970661920841,1
-8.669081179508748,8.730052957700892,8.522150592225982,-4.673169720719828,-6.810822551516739,-5.0508934411962105,-3.8472996302818423,1.3479023077669767,-0.8763668098632105,-5.0217738510300345,1
-4.043311793788373,10.291962950096831,4.972192848207693,1.2246831473841784,-5.328475215628747,-6.764434958983088,-7.659030572572184,7.391041396908812,4.083048159746163,5.916792398364113,0
-10.466292700840512,8.571316689200026,6.422373924106909,-5.385852279618299,-5.449916029624738,-7.135088753611669,-2.422466571849724,0.2240050316021885,-1.3824669215061214,-4.922628875186985,1
2.367522013433385,-7.615270209894447,-7.598146741871805,10.0390817099398,9.84464686031313,6.5296080235762375,-2.1465364916652128,-8.046871392484096,2.502786404822336,-0.7474762123756662,3
-3.9572115234689944,6.81548017157824,5.079893286281433,1.4711154595881208,-7.900860008281983,-6.171753145976593,-8.594527042864812,6.759444284761975,0.7419958361932812,5.033908884201054,0
2.498458651832318,-6.502819826839773,-8.34329919173118,9.169288141260756,9.818881650797113,7.615252661721028,-3.3396214114039404,-9.096213218782262,5.04722338295559,0.4436644382803143,3
0.7191841477667804,-7.567151987765772,-3.266723865775851,-2.0975581180195997,-0.37793459427807086,5.753292915041233,-5.999461198204629,-0.3756323712012145,2.5471197974433846,-8.650018801210654,2
-2.6248459054409907,8.713182432609033,3.161356845860674,1.2533254755460232,-7.340265962111058,-5.822987367057031,-8.49470946706755,5.560482760135969,2.3463842042589707,3.7763692755045923,0
-10.68062287875653,9.081788593545085,7.861950515987619,-5.611500872794572,-4.044171115876294,-5.938591963536952,-3.723106024319214,0.18601216844225588,-1.2275587223754028,-4.327887032419705,1
1.5061016187321166,-6.452200937035544,-3.471599290505433,-0.8241543008297545,-1.054164261158496,6.3721740326181795,-5.908456817293861,1.5805605501352469,1.1294589896321194,-8.325986432722765,2
-2.2951038789225464,7.768547349486333,4.813059762079283,2.358487063669569,-7.763484627352403,-6.726384487330419,-8.78011903819001,6.18055261766808,2.380087595212459,4.722236082289143,0
2.194234513136015,-7.152100052150768,-3.3086761470903525,-4.919652468110771,-1.4853006104245772,5.914802920139746,-4.806445400405945,-0.2072136792339726,-0.028261328801024277,-8.45128029963391,2
2.217797514713195,-7.473013616167431,-4.134641136483591,-2.125644018950956,-2.0594131309681254,6.817840922529145,-5.291143041391562,1.002874493980167,2.286767116050577,-9.051375087906056,2
2.7859417297649545,-7.465078580512861,-4.282561289298537,-2.3448836099668084,-0.7927073093659501,3.4842188551127378,-6.236323987407999,-0.566717665988081,2.0235027961493617,-6.085732742996635,2
2.410399558817998,-6.966169589050662,-4.380309283930442,-1.1828996955240838,-2.479504294135796,4.875022203080027,-6.109779116981853,-1.3585000428819347,1.6724369728087787,-7.409521579872027,2
-8.860680570446972,9.450142929047185,7.381492893224015,-5.833934366543059,-6.284865465541897,-8.33011048746343,-2.998827466106764,0.84161710854275,-0.36308951729803296,-7.071672574232851,1
-10.406508997506258,9.394822585828933,6.478668193483507,-6.206445835761752,-5.667113208401272,-5.376604594360813,-3.826748254517398,1.972658713700019,-2.50278874129119,-4.36907665531888,1
2.0474658137384827,-7.828570228780812,-6.603124638485251,10.572153136815864,9.99158764925342,5.355544613391801,-3.9567539573706236,-8.206917800917152,4.0155118348587155,0.254051312923363,3
1.6672249662088312,-6.880614051386154,-5.674280725967316,-1.9221839666044005,-1.2947947205445345,4.5734498888199155,-6.45653721482862,1.5418379851348054,1.3129562902246268,-8.712538127390426,2
0.3071034545480207,-7.4798353742740415,-8.763045904443127,9.514001654583856,7.116512840391241,6.005822986849363,-3.7646758466536343,-7.1969457313561085,4.377518114480575,-0.6143788063991679,3
-3.033717889332524,9.503660689426239,3.417751027336156,2.68616811411312,-7.119952589309405,-7.254930400825544,-8.127367788432519,7.767786226984743,1.6613340690450957,5.3207813592851565,0
-3.513338389804818,8.246488563094193,4.60519394884132,2.207384416477253,-5.329126698337193,-7.878463634014738,-7.8540053581594265,7.1095340712731945,1.9728365252117428,4.836271048087513,0
-3.485070876030083,10.067927924806161,3.6904799473961583,4.605551748778122,-6.386309290270381,-6.695273469581073,-9.696685536817224,8.023832794907694,1.4466624086264017,4.28346137056627,0
-2.3126764533512802,9.723289885786834,4.550143141940874,3.413286899390205,-7.55601949321054,-5.079169160365131,-8.878485707280353,5.892747813380655,2.150404649774965,3.480399898446028,0
2.280572563091056,-6.651983272440656,-6.68666710698994,-2.9693705931959644,-0.6372783807424995,4.552505144240766,-5.620201039021246,0.08021754728611102,3.60376707555634,-7.4979720203851885,2
-9.484109010132075,9.335603915340364,5.8948882271417595,-6.033892863301251,-8.056457470053374,-6.430249429726073,-4.903746247960163,-0.6084606845710137,-1.1812054760042068,-2.783414909694562,1
2.0232423565105764,-7.15012516310148,-11.628416830296677,11.03068276956833,10.40141031570786,5.791646237404225,-3.8889055667919883,-9.218212067189883,5.380383408054003,0.7003385695651385,3
-0.756091181292875,-6.964339582875976,-9.737511961138383,7.346434929605721,8.075214023268614,6.2773554341621915,-2.579083788284356,-7.733373246007342,3.078157142027398,-0.7410459300372704,3
-8.794821393531738,7.6496650700017055,7.953193058886589,-7.415709774470152,-5.33095445151633,-5.20520466610374,-5.006121571024444,0.08431434469017246,-2.466804295643621,-4.390338226327897,1
1.914927050817795,-5.845331815939136,-8.277422056757848,9.244529141362069,8.97351838222115,6.538008077598176,-4.031457296632343,-7.588752109946537,3.1877285051251594,-1.3795190995875142,3
-7.976089485828527,10.295036359105417,6.380322168102603,-6.644410011849764,-8.515316057187292,-7.051063122173744,-4.12628537963694,-0.4920508945064267,-1.49235659424999,-4.098565313080393,1
2.0200408440232196,-7.518605575414982,-1.7303905429501145,-2.23980330876547,-2.2562178164135176,5.13874522368933,-4.985141061403407,2.3731315411421576,0.2623080650028915,-10.95091613073909,2
2.5767406966585957,-6.171311770366198,-10.474979894342813,10.041651732627523,9.565209507487811,7.552479009923127,-3.4635262892419147,-6.945234762136559,4.1512058416932645,0.14927563099477514,3
0.2990543064541078,-5.805927861455563,-9.377611201588513,8.659473217324045,8.531484283360072,5.908146821561709,-2.309186504436245,-7.2444292612542025,4.546884042130115,-2.6131771810006184,3
1.0338570390584454,-8.252167199202265,-4.644309950490564,-3.024684451942675,-1.6485963818567377,4.407402563610378,-6.462645184306994,0.4661153883862039,2.4433208430764144,-9.628414798708366,2
-3.5902609506526475,9.630221735142586,5.232980094196485,1.6636232446267418,-6.553494168909152,-8.131223169661249,-7.91430073742911,7.138620779055714,1.4995772143451362,5.210460781757798,0
-9.393925812506614,9.045030750429198,6.9873366594701265,-6.048619196573506,-6.1950396795883735,-5.014312267323364,-4.921697706088887,1.6350071937738027,-0.0439845598178199,-4.29348572303024,1
0.419695734583841,-5.094579298800934,-8.657642508023791,9.420712875514042,10.26419043206523,5.146784504768921,-3.4342527174973583,-8.314198810771115,4.531431305459631,-3.3241775455594684,3
-9.466012611051667,9.941495072276274,6.69771288633414,-5.712626095230594,-7.065492343664743,-6.994810720482272,-5.317760412608939,2.2447053758316966,-2.6049628625489705,-4.868322393835069,1
2.1060040079062294,-6.407016495654957,-9.369083340748643,10.149428659782826,8.136467324936406,6.65550725941594,-2.725833523572625,-7.565649627123427,3.4821363031783075,-1.7252471718709521,3
-3.186119623358709,9.62596241703919,5.670878358724052,2.904449803056931,-7.718844714373908,-7.189321969127161,-8.507064325232447,8.299068042621062,1.5431259970188858,3.975792579257092,0
-9.81316609589203,8.748194462416427,6.817507487975163,-5.311277136865068,-7.453899733300833,-4.920977423185054,-4.013743273093508,0.513978255589605,-0.652885203901128,-3.94220106477566,1
3.1297865965855456,-7.961260655517675,-7.090187284560036,9.805940435251289,10.403502332094885,5.705007450303963,-4.057665335611696,-9.479709534397033,3.1599981231763343,-0.7032952775648222,3
4.213498478963075,-8.774364398670214,-2.5398944543270128,-2.568407196602953,-1.7773843639824087,4.373205602121283,-6.1956447476098395,1.2063388801966919,1.7207422568633155,-7.559836815352698,2
2.431906288310573,-8.722113152409007,-7.686330730650338,8.819556900694346,12.555733631085921,8.475863212945331,-4.0891736857801035,-8.152894722403637,4.680242044245167,0.5062224847100647,3
-3.760737047243194,10.45805073227158,4.557727657835533,3.0904655155288596,-6.536901844773566,-6.423356374122163,-8.268560476403806,7.771231475516018,2.6650229947317197,5.49060408605334,0
-10.960211257015308,7.784635645363145,8.120023143502044,-5.962541463586343,-7.032573394517904,-5.292005115535247,-4.52077068054611,2.3211383461916935,-0.6831737558184161,-4.663328604184864,1
-3.857383045158463,9.757550222221036,4.810744274356043,1.789186347588053,-6.861193258085877,-6.532527887914275,-9.378087436945371,6.54521819009639,2.218145489961857,3.1830787783058767,0
-2.431829315405132,8.153001926870058,6.163002913497759,2.5120797276253906,-7.916873345477726,-7.070448271359555,-9.713946010020768,5.940723184534367,2.948477782395817,6.070868196391039,0
3.8199665638550977,-7.532075532046046,-7.084189349584558,8.655682590574608,10.638072770586266,4.761131952831683,-3.3218204153679376,-8.783327855819945,2.2693933383189497,-0.9784160827970274,3
2.0423605983309083,-7.27431096406766,-4.065354544847264,-2.4205227376994887,-0.9948293587812387,5.918232411030799,-4.4284062992706215,1.270138453887451,2.717445969737746,-9.526531271623917,2
4.454535790133555,-8.068961749393894,-7.439734900507611,10.124151615467394,8.339261823464152,7.175080298802381,-3.5715796535063578,-8.27403397982573,2.8607250432711377,-1.916059576657159,3
1.1781503073909894,-5.728459384496564,-2.194519838764842,-2.669067462278319,0.1328627197490757,7.044995143391154,-6.74900858937119,-0.20061706709563576,3.0791658903955845,-7.385977466891536,2
-1.3460338708977906,9.024519189217909,3.6583701851801504,2.435273158204003,-6.6805674955778,-7.480326470434742,-8.76852567164599,6.938209318636943,2.1358175801154236,4.823582230441955,0
-1.6380729196210577,8.68826259603048,5.841092758392046,1.5650943109191806,-8.917751726329124,-7.888195904193351,-10.709119677661866,6.972009431457394,2.0407186140537275,5.837888868196192,0
-9.067187685704614,10.043412629189943,7.204457282011884,-5.6636371051792285,-6.560839076165314,-6.483183086584836,-4.110063421161927,1.6288987295118218,-0.7675429048768233,-7.115805830703442,1
-1.8229374326782368,7.40157025700867,4.167946970438668,3.062120280908098,-6.815347172055807,-7.9578543712052525,-9.553631465895979,8.003120664433379,1.291933603147039,4.3779101455028835,0
2.197750606819959,-7.344619571360895,-3.823247062727102,-1.2413963522949825,0.20316641201354813,4.391300034428866,-5.384454366526757,1.6136220878076422,2.2350998979300525,-7.980011320414079,2
2.3090947557313344,-7.422331756860315,-5.109025489317872,-2.5952826156073034,-0.6208477755165298,4.4617586523786485,-5.672347939587908,0.1294297194474838,-0.05951618063654118,-9.931376756379548,2
-8.949579892054766,8.255192130509403,8.282284348309531,-6.899563179453165,-6.060865190618954,-7.0861856529506815,-3.979293487402238,0.8238910429482377,-1.039742411707412,-3.7534964418038763,1
0.793203078314048,-9.506303740096401,-4.707643878787221,-3.893475560040325,-1.3867405133065915,5.555738909042802,-6.459772765855819,1.737156302742978,2.1750361418431696,-8.770517385989217,2
2.168913910073213,-6.116887180410764,-10.065826503575236,9.570278018913998,6.6082490298884125,5.538062409965411,-4.395998458984131,-7.413230893801083,3.7072913829200065,-2.6025131790642595,3
2.196119747028749,-6.538319624373084,-9.200752333105942,7.605245197182565,9.635615165108856,6.106942990473838,-3.407484147096017,-8.580158026311489,4.9054818290561855,-2.0737239064198176,3
-10.231859946401412,10.428157860821047,6.314077483901895,-6.156866249676473,-7.31862323520734,-5.908310737337863,-1.8526302215661006,-0.5724042816095156,-1.3368801704849271,-2.763196640623732,1
-2.4636257831489363,8.362685780592505,6.783822925553427,2.607088706258743,-8.904769777808877,-6.693655278506519,-9.500114221404399,8.175956250294927,1.229779496431475,4.04671511445401,0
4.334993771409223,-6.019010317899654,-9.279616442848361,8.366325497678037,9.2196964548776,5.928445040307472,-2.7908908410026325,-7.860141550128275,2.953028791334609,0.6934905599478096,3
-8.198102565066637,9.956007349591749,6.659205435851816,-7.065054018784636,-7.42861431893336,-6.6371345072859915,-4.524667342968529,0.30815732965931125,-1.304449702260578,-3.6457244416824306,1
1.3509565313268324,-8.497519663377478,-9.09202089735581,9.979342570275227,10.706095189015619,6.878496064627007,-3.4783837937308526,-7.666918071486356,3.128541783482357,-1.327010418761593,3
-1.031303578311234,8.496015909924674,3.8313852333349137,1.4714126403561956,-5.964225073449196,-6.551358483616262,-9.368087960403049,7.836790348612059,2.119377784212216,5.130096546453798,0
1.0078777259550378,-5.769359339498686,-8.763656745326928,9.050584843082182,9.385837652492881,6.017703973530962,-2.716017119425522,-8.130275679721533,2.5651144018599688,-1.590479981177702,3
1.3478170662192657,-6.25482222872141,-3.2810602367658426,-1.200092458375184,-1.48258094162851,5.473970572499926,-7.64600851935824,-0.10778233778864038,2.844861887820297,-9.537487124828242,2
2.0769241744343883,-6.66518313058,-6.726425963504601,7.591722802667668,9.818229903327062,7.657060070657511,-1.6362748711097908,-8.450955143056284,4.1760899829633376,-0.6271897680093261,3
2.5808457759974752,-7.258775138529614,-4.124310033884051,-3.4312584688262353,-1.109001029865048,4.779286083591969,-5.116325945708019,1.3199381029959851,0.0021035150027559624,-10.000502605792455,2
-4.633093347362557,8.488531106517561,3.880746174674403,2.1235634704169395,-6.5378712153741105,-5.00393875406006,-7.88790391844996,6.7466192598363,1.1238855635158176,4.653370727427415,0
2.920627217648067,-8.576078498159697,-2.9451630439092362,-2.41151260289231,-1.2478774549054836,5.846907695202524,-7.782759589731126,0.6933415797529034,0.8189198690587782,-10.42366203144358,2
-2.756375005573347,8.332301880200523,3.638258826333186,1.692069391054777,-5.081940664301747,-6.239266732008937,-9.409506746418806,7.896105696854862,3.4216556714501776,5.086085238833678,0
1.7129694965129973,-7.05776791492544,-4.979526961677838,-1.5517324668016945,-0.8783932507410834,5.694218906721659,-6.334419073345724,0.4398794521312117,2.6733896419084844,-9.938121961310946,2
-8.727836625724205,8.815119604670947,6.4817311022220245,-5.470637835946177,-6.612191782041535,-4.7245642269113315,-3.424180189170994,1.2300064186945747,-0.6982183584902725,-3.0019433385538363,1
-3.1718213819985968,9.584884796791481,3.8766196796855845,0.16828758327621296,-8.507169629034433,-6.832024646614564,-8.578605254914528,6.419206290394294,2.6608926936415496,2.4999314936519488,0
3.427862424116954,-6.251494045152461,-9.905989788151626,7.902398352017428,10.98903368869939,5.22244008238649,-5.061075127128547,-6.909243177507593,4.0232134065290515,-2.134875701744372,3
1.8240600723041558,-8.136821095806473,-4.188546199670413,-3.5211917683169807,-0.30547250241808044,3.9176527359261617,-6.366154029285268,0.5857961074639746,2.032125893563354,-6.377958081619548,2
1.789586476061476,-6.6537016875429895,-9.709566360223324,8.462492351258424,10.842835860354539,6.832874124630962,-4.832288730910687,-9.644156889467753,3.3576432126333664,-1.4104069045584113,3
3.005265111079327,-6.994726281502875,-3.6488383896210475,1.2534745723101608,-2.962713255157869,7.428215877621382,-6.293971876233162,0.5720176726752418,1.8027791319396076,-9.495228078998089,2
1.5613498152859782,-7.1759703694711385,-5.24435296815844,-3.7585882630113514,-0.1992270327027772,4.554725192701617,-5.340211855923593,0.7472800611261837,0.12248464845025309,-9.748556397935701,2
0.18382733444161414,-7.7067039879611725,-8.884813892487157,9.28770972823222,9.256052172591291,7.386917752122884,-5.858826480571212,-7.902969783367162,1.8666813048559827,-0.43723782972380465,3
-10.242385797211375,7.567564146383429,7.160055415533416,-4.379559241271519,-6.500949170485679,-5.379035255728385,-2.3028768828206,1.8100430862288046,0.27886490221370774,-3.433289704967269,1
2.322376037012614,-8.01838850860009,-4.987551435852202,-2.1502490288604084,-0.4602020947705968,7.1051178208067025,-5.356074264296667,-1.2183915334875854,2.900238994963768,-10.069052372914458,2
3.0384010054428257,-5.828670871942692,-8.638882145679245,9.366022750490115,10.562145562197346,4.835169564849572,-4.257163943749543,-8.819126468628562,4.063813648969262,0.03327205044281456,3
2.277977069843311,-8.212310242740635,-3.416282683875511,-3.185976700597751,-1.1072002309992992,4.709169853251761,-8.568858015628116,0.09366100567206354,4.260906798853766,-8.286387457702022,2
-3.327418306286223,11.106673403883782,3.6338614547283994,0.7589810711529998,-5.7215163176512025,-6.088446899313011,-8.214207939583854,7.951868424762983,2.010053462017261,3.2641971844350772,0
-3.888516851067277,8.283356088256403,4.6067518633543045,3.7677275474585197,-7.3972384901874415,-6.6563216416370485,-8.854750652708763,8.511916188946786,4.549232660737797,3.6305827830005883,0
2.3532258344515684,-4.957660627165061,-9.4320011358184,10.79577266762449,10.08779615552597,6.72098704818158,-3.673700162179439,-8.29508633794677,4.88519218871701,-1.056590255359926,3
2.2579443827435517,-6.979421881240479,-5.417271794468217,-3.289124542165643,-1.2537966959832176,5.385804131104039,-4.724880561829037,0.8423798289973571,0.7368334203038178,-8.82448696716804,2
-1.8589964450940892,8.915110264418939,6.486515832275767,0.9030849176145794,-8.40515236207601,-7.572017663157191,-8.883913772991509,7.566862364821395,1.7810641770078457,4.513506952435206,0
-7.431001900818448,8.792482120236548,7.390948188017743,-5.453925206027985,-5.06175936645919,-4.770398606204471,-3.883150991743479,-0.2582892377014262,-0.9011274842185688,-4.853132565791268,1
-10.49404241494657,8.744430704591066,6.053191521964943,-4.37877969326366,-8.499174869836683,-3.19416126927133,-2.8590983317431937,0.7183675467739169,-1.4159936277739715,-3.8898631211815045,1
-9.763269870779359,8.642451883747041,7.185362659578839,-6.651685768225514,-6.335319498488859,-6.341028799575527,-2.8292595749776677,0.96982686552471,-1.3861265859028291,-3.3576508968388743,1
-8.509629280652655,9.359688573739179,6.476225516067616,-4.869557848947805,-5.7111777774445684,-7.908301959915573,-2.4386147910833498,1.8752199867922088,-1.9866623286672147,-3.7796136626017525,1
2.703728876413671,-5.689116559799783,-5.106023550120474,-0.9253999362106078,0.0535912486011042,5.466963940641326,-4.870904209649861,-0.8216047441394017,1.0237772157131761,-9.679581468839746,2
-8.402605959420955,10.117150353904952,7.644900501814252,-6.510012875003937,-7.785311322599831,-4.830576150975837,-4.237834979651382,0.2442956161897099,-0.03290548530862725,-3.6191871866385013,1
-10.169991028032594,8.38344031254702,5.999575270942429,-6.977158053196733,-6.329417187598762,-7.1018830339899655,-3.6813692290184976,-1.06076701355887,-1.0302193949432281,-3.3418882344302365,1
-2.778604457497308,9.731828383994284,6.142235888324129,2.047264464360507,-5.251011645579978,-8.260211051490838,-10.541710195991165,7.267975216602085,2.406365683803483,4.128756807826816,0
1.8623483421530616,-7.373271047378598,-6.964031564457601,8.120938651239873,8.757093882004321,6.372335993932198,-5.109874142608676,-8.442238431628585,4.002113791493312,-1.5298105295904842,3
1.6301927165904144,-6.752436200905611,-6.904611872020872,-3.1724933102777966,-1.4048481721767017,7.091857006068721,-6.39154616854567,0.667677753013161,1.989548517328313,-11.201558225407245,2
4.2007091338146925,-6.588834707296687,-7.916838138762951,8.186811363399112,8.53278771526955,7.249931771579163,-5.257300828084119,-8.461771487777593,3.7186879413153693,-1.0855775233679206,3
1.9076101081004984,-6.478252082670867,-3.8220490002115195,-2.356607176943388,-0.4093327258507543,4.167947104653167,-5.249735676845824,0.8971575622858349,0.8316082486643526,-9.315072219274246,2
1.8044705320218668,-8.201084885356998,-8.961627660610578,8.64132379965553,10.272945457772657,6.630430586396075,-5.087093738165204,-7.874303333461285,4.3561917019721905,0.3310812341798597,3
1.743935072047818,-5.766490783490349,-5.413613923574893,-1.8595579473781887,-1.157563245991089,5.423759059364438,-5.216152460781094,0.624740062841123,2.418904374460381,-8.102807085067184,2
-10.189677758035165,9.717978977382423,5.055859082476767,-5.312743048474078,-6.383138454784669,-5.779419848514176,-3.691241006744584,1.8592690626186015,-1.2358751245097779,-4.604822737164414,1
-9.518257950970769,10.560075345848077,5.721499681817861,-5.514848803699691,-5.388303026075558,-5.830815632991478,-3.7255735242105024,1.4961747252118984,-4.064331920156922,-3.4975418765082535,1
-3.2112507169301026,8.686623981600553,4.247770683095943,0.5096547358086134,-6.583506914086694,-6.6190543210960575,-8.83321429999355,7.088935782123556,0.6069294928137614,3.74080623315555,0
1.5789414053723332,-7.513848815735828,-5.502977952768852,-3.492020993847664,-1.3548211892039395,6.577908408573,-5.743963027830881,0.4782786796397769,2.699189339408822,-9.208363533999442,2
-8.718242383395197,9.893878931212491,6.799271721152012,-5.388256783968251,-3.9600850706197126,-6.389528599964909,-3.714056094094278,1.5457830286523693,-0.25557369419970133,-2.988386890478781,1
-1.5551958595595479,9.66567737950412,4.324609591587755,2.7321389044339996,-7.652452405688842,-7.1169282000159555,-9.323691304465115,7.405397054885026,4.336958801537684,2.294186363329161,0
-1.9793934451374673,10.455854748856222,2.168234336100812,1.176274428470255,-6.30255506397073,-7.083154979318939,-8.467181883264702,6.719537728782883,2.1088900223370755,4.005774320528829,0
-2.533552215313733,11.156556486810185,6.3674220063288125,2.409493353614764,-6.84162371298307,-6.760078266557685,-8.224809783905593,6.300730350300298,1.7649236974408304,2.4928674820433194,0
2.6948307605994755,-5.535630353611626,-4.162703048124683,-2.0040214785336534,-1.9703011917985949,5.3164195253858715,-5.310986599267029,1.1337908790153766,1.5543244295766676,-9.142590997458113,2
-2.768788974416355,7.511143175080216,4.394135772142157,1.7004461141930616,-9.576513834092841,-6.934404459793758,-9.069262286844689,8.019729280312122,3.871256329809521,5.288016585468666,0
2.586857919015497,-8.214177383801173,-4.25257127638471,-4.449009467592617,-0.9592000649560414,4.870463170859514,-5.091134081272644,-0.26485150632330234,1.7315254614456033,-9.70654958700445,2
-4.024388685251303,10.381160395642846,6.2848465497293855,1.7241336443843536,-6.303070228095503,-6.56885943873241,-5.759446948180773,8.443097826933279,1.894382643383409,3.2059111153204833,0
4.261367517734442,-8.573296791551973,-3.9674008616852414,-3.334745311922775,-0.45271310946624477,5.722667005276025,-6.648011265877115,0.7725610531433065,3.652639487027593,-9.261895537327344,2
-10.15255771274134,9.582748346436922,8.190962768576311,-3.747124898275354,-4.301997079221589,-5.123543572338181,-2.891092614997783,1.0876555818459404,-0.5827385509910474,-4.726602912367695,1
0.5128679805927496,-8.375892991608856,-9.321002945848791,9.56044832824053,9.809514251998785,7.237718417313071,-5.107422144897895,-10.362701582841199,4.542674725545282,-2.0251463981732076,3
-3.8294308300733926,10.845744894052675,5.819318956949388,1.5039940318360272,-8.592761720242148,-5.526237219110534,-8.952867601888629,8.561339227472164,0.42787257606980855,3.562076532967136,0
-9.722327280756868,9.412885237969084,5.8639545029261955,-5.104937352590618,-6.484448804465769,-5.912377359024296,-4.802647318611346,0.05767033232134683,-0.6387182693299138,-4.548250348130928,1
-10.305132434686756,7.531660426166826,6.566172130165737,-5.874965294817761,-4.850050912615856,-5.701098118376546,-4.939341965138451,2.3492211989789453,-0.14006593163233227,-3.5933194925705454,1
-9.980068263127773,8.475786858741383,8.264228505477877,-6.075538255645816,-5.146342135032491,-4.810593751008872,-2.916844242661285,0.06350831992670886,-0.9573695368210757,-4.199612802430077,1
2.5242455977401645,-6.277139315787598,-7.506232974877995,7.719842589157778,10.044020914066179,6.758369023580685,-4.049871153473132,-7.707870401950632,4.714118011841495,-0.32463474517952273,3
2.4725755794052664,-6.42145772028735,-9.694116622147789,8.796207582930998,7.1355756150483325,6.346423626214611,-2.478866908719019,-9.520689851914428,3.0987328569253823,-0.8678433464978434,3
4.108023069819372,-6.820508609588259,-5.025399761172004,-2.1381340480037307,-3.5143480546761583,5.706894734457434,-5.678703183989721,1.2089589078100622,0.8343954249483121,-8.985304584196687,2
-0.9616924217226885,10.810163801293843,4.027090145743715,1.585468124004748,-6.593761800426365,-6.545652803288922,-8.17978348396318,9.333727454265052,1.8453530073701263,3.363154311382455,0
1.5643657684648309,-6.365301121963377,-7.984358349657792,6.927769466489188,10.471714726447084,5.831692223648149,-3.4822346832923565,-6.849310796227094,2.3129868330126717,-1.9063911276355197,3
-1.4425229334635963,10.183581718643994,6.0220378272656285,2.621879571530375,-7.046745271468124,-6.733395906842624,-7.631818790127653,6.506587244511467,2.390973543737077,3.768112743593548,0
2.408096008384694,-6.830182700784383,-8.69108795559968,8.652099692918163,9.148305455605795,6.380040315403397,-4.901083316114537,-9.0624365468623,2.296117976411926,-2.797221229711683,3
1.6903778098603244,-7.481777897285216,-2.4836549389971,-1.332302082335818,-2.178181552586878,6.533251645739448,-5.195127802341213,-0.8635745204803857,2.6670690209957106,-7.5330598271874925,2
-3.208923131045336,9.228266038932544,4.5275507865372715,1.752200084407509,-6.265460491107845,-6.122601883228642,-9.368828904246538,6.747704674854023,1.7472485377125317,1.859530391185324,0
-1.6685540740640261,8.361662148895931,4.193695403013321,0.08362895299520101,-7.331933510400347,-9.303988919904903,-10.422230580121735,8.083937571643,2.8081003935150077,4.586909117705874,0
2.3731868938296206,-5.310651712940777,-9.651284521033206,8.300715606608135,8.539981216220363,6.9981387741918315,-3.0073260281375234,-7.595332400553813,4.868154197133065,-2.3749909925843538,3
0.9498943258633399,-8.607240972072153,-4.740706355641642,-1.6343842831068494,-2.3979463911361227,2.871363629749704,-6.457683215241804,0.836429568183153,3.0485531269796793,-9.534153107685444,2
-2.1822702492885875,8.795185599389457,5.469284417411591,-0.23796562506715313,-6.6440126330427045,-6.10924439938898,-10.316914002415851,8.467276958705632,2.36079664235859,3.7461636420201074,0
4.249328340148355,-6.186413240852182,-3.907798433653908,-1.6276746600414125,-0.7337124825623893,5.727422271145229,-6.357938592546538,1.8481021271043407,1.0298627112988483,-7.5386240209219295,2
2.1698796043982345,-7.925882776069915,-3.475054963583017,-1.1855169787902387,-1.4586535570293235,5.94292372839565,-5.5068392465298714,0.7566910391915069,1.924246645156937,-8.328309327240323,2
2.2918797376408264,-5.0008905982105745,-8.00356566574411,7.836702235313928,9.201131834348244,5.362980481476661,-4.295424532941148,-8.460173385501964,3.207014947639132,-2.452085497181368,3
-10.977882580847547,7.752798296282994,7.671423248018076,-3.313465380095204,-4.979227837347469,-5.768000682878964,-3.3204007991439597,1.348544191425065,-0.60217103737092,-3.8942257720697855,1
-2.998637065570972,10.058447005267393,5.321770325854413,3.8198770096767656,-6.295699005825306,-7.239401684063006,-8.247672925943702,8.432226496081611,2.8427824160615396,4.668725587028207,0
-10.227271861773453,8.075107249832389,8.290867976144805,-4.743400697091843,-7.051651001035712,-4.079473997587015,-2.933389653817651,0.1702972491361348,-3.8605053420312583,-1.8844746234484195,1
2.735279642944375,-6.069973748437897,-2.576566342727263,-3.6878573259540346,-1.6894578268696188,4.445941368945657,-6.240544215939787,0.751047142718567,2.8356258938299517,-9.146942769242568,2
-8.93240933755419,9.592933237958661,6.6301440595625385,-6.141736239523363,-5.239387935871974,-5.384383340808466,-4.688032808632855,0.9021809197692924,-2.332756361698971,-5.555035360828092,1
-11.710165013092546,8.790375056145454,7.945847362569545,-5.776085848733359,-7.362802888152898,-6.836684724159541,-3.0745351143046924,1.0418622008461367,-1.6000317263273796,-4.542241607853849,1
-10.234274293208486,8.599005036589633,6.166109293826404,-6.70654639469319,-6.240830339863192,-4.707231344461763,-3.5920758676932163,0.24277513051846966,-1.6529108960732293,-5.738608004735818,1
-9.319183172838844,9.055004767742476,7.270424705864486,-6.1228281224781105,-5.986400261955801,-6.361172616616302,-2.7891048900370774,0.443734909056271,-3.1341320953645666,-2.9134956953251696,1
2.200205369548989,-5.820677850285273,-9.30719464773917,9.34082637281119,9.623750652634383,4.278297670233068,-1.8924495060719466,-6.755913258949775,3.28746521409715,-2.2992198656638285,3
-10.215027338673917,10.260590515622646,7.601977861384523,-5.240132366337184,-5.638404869009991,-5.815731515816365,-4.556636736032198,0.9270511773186979,-0.5606901019300029,-3.4211258662255872,1
-3.0985623799969617,9.863888225219346,4.996894322193149,1.2802600886800777,-5.9800273157180195,-6.572810072399338,-8.02546563779705,7.953151757422315,1.1933052239421034,3.6012705157239395,0
2.8775376896484137,-7.400625892956974,-3.8330500010740765,-3.8204545239418333,-0.7933908660253794,2.7123832569595496,-6.1934205149947905,-1.3457844754429076,3.054285893787666,-8.293584392835534,2
2.3257154854090274,-7.012807079553567,-4.774758924729987,-2.9888359901532158,-0.262829165888139,6.907403665029089,-6.145970632513805,-0.16550049657917904,1.8488193360974472,-8.46978499667093,2
1.1245278303628743,-5.35951695353502,-9.663673566045125,10.606179299838988,9.028256011884677,7.758529034947072,-3.2287933264733084,-8.18355320931478,3.1652641584170107,-1.537858002554053,3
-9.896344398269692,10.177857575509226,7.959161562128044,-4.357533975644521,-6.92566868243629,-6.541131676675851,-5.598593333030196,-0.3107414338514315,-0.3962479940602276,-2.5598343724909296,1
-0.2102994994334999,8.651447567758662,4.19437631482733,3.4265541610584327,-5.3000550454205575,-7.402969620429215,-9.258514573731867,7.041738306638196,0.6778497238298986,3.2427996094367106,0
1.389423965828505,-7.862211675552223,-5.246740066638026,-3.4575250422538693,-1.2491084142493096,4.297952208681631,-5.990906022883203,1.1869659420588796,0.9405351970939294,-7.551707821958276,2
-9.049554121637582,8.47752345016052,6.8182136400445135,-7.166932283339457,-6.474726717206688,-7.235817444396114,-4.650685083399012,1.7312218078551946,-0.26978950656341616,-3.5662790751319844,1
1.1083193433581902,-7.7617512796908095,-8.234598276747835,8.42715881335818,9.628998983027332,5.282698276204999,-3.7266618737615045,-6.743279682556258,4.270826330635921,-1.6093639434244533,3
0.9447951993419712,-6.5204149817139685,-4.66008179984698,-2.4092759187951063,-0.5843761866457868,5.469111427543951,-6.790290022419202,-0.40585228404402685,0.9320994617596073,-9.90281395383049,2
-10.781946945840431,10.317351216849888,7.649435134051414,-6.423837995511121,-4.971035355793659,-6.581956317530277,-3.6264615115293886,0.755450471415978,-1.495408368628233,-3.364608922879379,1
3.3690917497830224,-5.532149220875945,-7.826771140221432,8.662624013872557,8.740894619535126,6.500554472653419,-2.9745965441915176,-8.269278420648929,4.7498324959575235,0.2556666202782063,3
-3.494923669388294,9.518332643716166,4.10962121785566,1.1802968516783878,-6.986657551105828,-7.915351915695321,-9.391977061983193,6.125645022909855,3.987025367780565,4.196715107892637,0
-2.5752774217000667,7.803269928435865,3.9880427284259423,2.020568355257146,-7.740040556435223,-7.264665137505772,-7.83203494742157,6.746631045975555,2.8579923469293176,3.0317447012632908,0
-3.9077651968718916,9.577255364888892,3.9892362671062744,1.486044300176036,-7.472021115390139,-7.744100362955763,-8.789806128691183,6.492572799087665,2.2927570606440146,4.111213446471772,0
-8.953588645522181,10.507896885196109,7.058671472936949,-5.994475441053019,-5.690926954655256,-4.4320278680361085,-4.047788887191819,-0.4794006720258842,-0.2540189578707124,-4.29579835999276,1
-7.974598845025304,9.851731344753865,6.404696180717787,-4.789130618146119,-5.174030166933347,-7.559517618068316,-3.3177550709593877,1.1963013749556555,-1.658663130517677,-2.799710382727542,1
2.789557206671869,-5.531399201167019,-8.331348300084699,9.125800164864943,8.431572324829895,5.45572619868017,-2.7209899963552555,-6.610222314166343,3.4465500939310836,-1.150947377954699,3
0.785882204396031,-7.222211734805217,-5.409500473708756,-2.309131251501198,0.008287074438019792,5.28275743417922,-8.610738213459939,0.4836369150687271,2.2850299289743594,-8.666696990638348,2
-8.88020143739536,10.35489936003447,5.862863355500486,-7.0844507399922545,-8.199706028961284,-5.82391847601878,-5.018521746983119,-1.6577619603077256,-0.9725210226267211,-1.6824176786063707,1
2.7290767424403892,-7.736157629626743,-6.310449949166881,-1.5756104223724703,-1.3574377716676846,4.8407434638171525,-5.313045444918812,-0.10732387164689705,2.9082277612874714,-8.453985796023348,2
2.0566662126851822,-5.8372743122826325,-6.368968940625144,-1.1393294328298404,-2.3025574681094256,5.436866898625858,-6.435768777131468,0.8732420380429523,0.2501670253571022,-8.608819079518103,2
0.8687428556147794,-5.222846787728355,-3.245744307120915,-2.5670093428546856,0.38510636199538806,4.857203250394537,-5.463044978162713,0.48449920199094604,2.1123114585745197,-7.798638245493278,2
-9.658808892143043,9.884698687066088,6.713327230818556,-7.728684352788348,-7.302836049676742,-6.475997358652939,-5.124849883650353,1.0950573626409619,0.16965120518601218,-2.9566553443418444,1
1.1321951013850697,-6.989581359945296,-2.9391478769900785,-3.185959498639562,-1.5965192064068825,5.472994602680022,-4.826799148472095,0.47879639922559025,1.3170770826332512,-8.587115094412006,2
-10.35745246387125,8.458293942131021,7.478327657940184,-5.94704392520728,-6.628015497168598,-8.335772167338078,-3.2797371106000193,-0.7441297622087153,-1.3011669968913568,-3.8980402580809694,1
3.0323045669523374,-5.8683821637085885,-9.615242240858134,10.333153546172163,10.482839370687792,6.3022434595770145,-3.8281267541565502,-7.492499948756414,2.8229574599868794,-1.166918646043891,3
2.713415663803809,-6.704652627792536,-3.096897121796757,0.08689690478491174,-0.4861843484805135,5.194555602152774,-6.0320986690248,-1.4843871366168857,1.1535782461517916,-9.48027418371315,2
-2.22922899673293,7.888797080899945,7.085630815844928,2.1023908659159596,-6.770232396546377,-6.154342969377255,-8.357318524899297,7.547406939777835,1.2318257794188638,4.632919913056905,0
-9.748442909650592,10.069537119690352,6.862049444246125,-6.505187118173296,-6.682554591524606,-7.1279356597348125,-2.8391480022106474,0.5164402813166995,0.5400910585953222,-4.236078009853782,1
-9.151371944337601,10.588843318026228,7.59840695144976,-7.23811575488438,-8.917421790759942,-5.39758989169205,-5.282033839224667,0.2703632307520737,-2.531212653217045,-5.977397633619181,1
-9.814794212933784,8.438757806516406,6.276646039937383,-4.66446916673029,-4.478914349923379,-4.788666274659135,-4.40400456259552,-0.6244888006442539,-1.2202133802464812,-5.943856561602013,1
4.071264540173027,-7.8124125458097335,-8.627714390383517,7.684203119862571,8.616945784294122,5.2498199789126465,-2.668140610091025,-8.442787397974081,4.753039863937154,-0.5928292356194551,3
-2.503953923334567,9.061266721963063,4.189813364748858,2.5960196162882307,-7.947247620533864,-7.02248907829724,-8.718032124924111,7.8379617495574525,2.733915112953065,3.0368094640830394,0
-10.661053139823757,9.637443907351036,8.72293548575841,-6.6726023780209,-8.893788178604318,-6.6179140248114345,-2.8141955058106745,2.453476086865351,-2.590649221610102,-3.6787179728026396,1
-2.7481456699191598,8.106722466156723,4.063107505659769,2.728560909766488,-6.378710003526889,-7.857664838074498,-8.738995451206785,8.074910038870492,0.3528949537428039,4.704811748300844,0
3.52143318202548,-5.89431462617017,-8.415217116632908,7.989837404165917,8.465789695365823,7.417565867625888,-3.1283756126272544,-8.085577239249865,3.266750984477247,-3.22275799831935,3
4.229573247615708,-7.97677937474251,-4.706664165204217,-1.813175247146364,-1.2657309654487952,5.658108009928035,-5.9811359362903955,-1.6349843879254238,1.8344536311466126,-9.76071951966422,2
2.736922018187961,-8.609428961761104,-3.7894577363042155,-4.7727896417777895,-0.2530922988282448,6.588750710849264,-6.59888031248486,0.4082364642278149,3.802448810991136,-9.576738449861981,2
-9.512876475182358,7.796231231342718,6.4027903278784875,-6.5964643817506685,-4.192557938360174,-6.50779561536366,-3.79195033402476,1.046614008685225,-1.3174971807852314,-2.480366155608408,1
5.302953772540851,-7.713011559493768,-8.456086127144134,6.895612041877679,9.865789817870397,5.619746664162449,-1.9842788217076335,-8.821172689890904,1.9954774922758758,-1.6682138659104928,3
2.956815836595772,-8.503395744830327,-5.113543406113646,-2.2003568562457887,0.6055157128766844,6.059132576645933,-6.31958238735596,0.28398017369558665,0.5978836432711323,-8.466476419244678,2
-8.717012816626706,8.052217362993137,6.7752323955548475,-3.814288787376192,-7.363831980463562,-7.009654773456175,-3.4012472911503306,0.6747104145843552,-1.010469527884126,-3.6862300658914977,1
-2.5226948477906843,7.956575199242421,5.4624237483312905,0.7523260339697098,-6.670763596146514,-8.839779717155722,-10.166513805534441,7.520384151367827,2.7607668148595863,4.332819837110879,0
0.7146987082296987,-6.097434411969237,-4.786370422988425,-1.1390354242096667,-1.4144017787115784,3.996161270267326,-7.123048796781465,1.5205003882791712,1.6923931993041823,-9.619279042090646,2
-3.0541167098616997,9.413422242550393,4.602244133803253,3.0764715659572532,-6.765399542489231,-6.729807831814069,-9.201939968849866,7.266577291777636,2.330102003756235,2.451283163264283,0
-8.669993508081639,7.827696439616709,5.659224679438098,-4.812446598446261,-7.345988049396297,-6.556542952928348,-3.3651030417846934,-0.47321582221887803,-1.2557241210117254,-5.509442690957366,1
1.3378826657686367,-5.766237610576464,-8.473206617182655,8.995323997000323,8.337274634212937,7.471454894263981,-3.2430218711994767,-8.599478557239625,4.686485383925074,-1.6945209635931802,3
-8.849499633196448,10.013564527252939,5.71341411396384,-4.667235670259444,-6.899464100972036,-5.523852004650179,-3.547867827407905,2.3333123094398798,-1.5845656095295373,-4.524733992157358,1
-1.7619040179294885,9.624656393631787,4.618977242263953,2.090497067249514,-5.601962295362846,-7.471680982111777,-8.291230375465972,7.121330263064809,1.8046190316369555,5.260228407908099,0
2.859265038490992,-8.348955904739931,-3.1179952418753683,-2.7485274206616257,-0.208119698418068,4.631661994820117,-7.56028312284887,1.1025784262972613,2.2247009033383662,-9.973043299957556,2
-0.0014865065804139377,-5.713061880751234,-10.260461362736269,10.481130573495665,8.982520567524737,5.956279980398045,-4.535458522617092,-8.334596593794398,5.103191875391174,-3.6847587817430525,3
2.320884522376951,-5.799663641755659,-3.7473442333361398,-3.5338510442997366,0.5247696544659102,6.401422500399301,-6.449568377961288,-0.1948041991270108,2.1448669223816115,-8.60780695033246,2
1.8234523610259457,-5.322435129618972,-3.600553904761879,-4.008244703226057,-0.39256402624164355,4.156215238921908,-4.923833302945733,-0.18643588354564605,1.754655188501679,-7.745195098057855,2
0.48229777915057115,-5.5307889963702905,-8.871769877690873,9.749630899903341,9.753947813190432,5.434790765219224,-3.6787282240732466,-9.90445917127061,4.287908030814531,-0.8987916592174474,3
-9.676592162435206,11.977906380894204,5.845178248038705,-4.114100980990409,-4.685799841781547,-6.885498044639318,-3.34617206162397,2.1235252557732953,-1.7402273681451723,-4.378997556141523,1
-2.778086313607581,7.907760219456652,7.213238639477962,2.0323881179552203,-6.865697899238324,-6.90423468038595,-8.640242995868155,7.17916250357476,1.4486382279839394,3.6145926146805167,0
-7.861346262850546,8.998560857625284,6.873537541760322,-4.820626954561387,-7.78186638879102,-8.0927186149121,-5.4408114553793405,1.7577127360719393,-1.912957773050132,-1.617217910370909,1
-2.6672055216317396,8.587405058250901,3.6277744609679337,0.31831301207496265,-6.0564566071893555,-6.806791626087543,-10.128288656377064,6.028444143435087,1.6865155355740473,5.830473081210302,0
4.432548874567609,-7.207159203187866,-10.23400838782677,7.097700711158902,10.025352690352518,4.284796754270637,-4.280043669470509,-7.609244532833361,3.8698360670730514,-0.7715052610238008,3
2.969549997227392,-6.9213991241341395,-5.811994465523933,-3.6328094294056297,-1.0013092492550046,5.796891602136924,-7.13672808150673,2.6963654438506537,3.3646854324944226,-8.468873425207562,2
-2.449567253132576,8.367349350492749,5.338102149841691,2.3666550693624817,-5.984433971123538,-6.244937791593977,-7.788775041316676,6.788287703938135,3.3396943004985014,4.359051160613308,0
1.917210371192746,-7.058364794710423,-4.99224993092566,-0.5832244124313926,-2.4862613427773392,5.888259806755998,-3.9829181376031664,0.2914886128322303,1.6582523422393554,-9.428437168410472,2
3.7999466629557874,-7.484115868788467,-4.400491008670655,-2.9726013304010466,1.0255362739137264,7.329478143222336,-3.787744123384672,0.12564355787218126,2.1439158659879447,-10.587634295020836,2
-3.6155325970587784,7.818079504117651,5.452404658622299,3.3294097125115547,-6.951637312731604,-5.876576695383923,-8.476691731588376,6.678403160893579,2.3836958403725896,5.699488122386878,0
-1.106403312116651,7.612435065406041,5.226735930028371,4.16362530975071,-7.870163516281958,-7.446407322878718,-8.738676391548369,6.820047261382504,0.47163680379804296,4.230014530726936,0
1.6918067278097746,-7.284117895417315,-9.853330808527394,7.225881938314947,8.922716954931742,6.326000452249353,-4.004348286547477,-8.46252464781968,2.7389144695463563,-0.5887039335230045,3
-3.146584750359268,10.203302659305873,6.060383084217956,1.4024233901912557,-7.711982764255499,-6.408694036889543,-9.390550800916982,7.956454733254214,2.225223255715475,2.645707440923677,0
0.3570045401608761,-7.944965029366459,-9.4079890979249,10.930969882593235,8.786760985595983,6.345697068597253,-3.507243230026258,-7.915492533656473,3.607217069517144,-2.3922438888072177,3
2.4343501600787962,-6.898814113516278,-2.4571496547192564,-1.6012199818912802,-0.6879647243942562,6.644829808627756,-7.039048260360345,0.6826158182190415,3.65759772697396,-9.289037640992419,2
-10.49201197481408,9.72255632496149,5.469813024848634,-4.565538397972913,-6.828117953156381,-6.130750147058484,-3.6318672692631035,0.23622365894067993,-0.7744058256824105,-4.650320852661686,1
2.307590766275291,-5.565986882068826,-8.523681361360486,7.640985306190736,8.90081729252753,6.299874929101178,-4.362272335276031,-8.265210997307358,3.593260972734023,-1.2778286230734344,3
-9.607729719971683,9.09501726040561,7.448794717950486,-7.369528394871065,-7.417183075004342,-7.3997127245105165,-2.96484754883567,2.2057420052266825,-1.4655488456951566,-4.344238919229172,1
0.05088691521604449,8.91822622847367,5.789152162513777,1.2699932588148446,-6.914615681648232,-5.109308957640437,-9.465294814423778,9.135971473495632,2.730052170319651,3.5989847800266412,0
3.8181211495799037,-5.066278904541912,-7.963346143048663,10.759509653837727,7.656017453813414,5.643498826066569,-4.643028077214539,-7.325078396114979,2.634519790640992,-0.43945497587048754,3
-9.189086991478671,10.045392982942627,6.165666353709062,-4.179231023144444,-7.589266318860329,-7.796284683141144,-3.6907033222492736,1.5422269352569118,0.3228280643001835,-4.6343014589081015,1
-8.2276515182453,8.089376644120774,3.6293406601876104,-5.569368241680782,-4.562989474347134,-5.0929634499918865,-3.70549572553462,0.0034924470127098983,-0.5539770305203748,-5.14896339574363,1
-9.511488223023695,8.115204819051316,7.6451196354555755,-6.246974369595789,-7.920082554517739,-6.760024963897236,-2.4143953501749347,1.34535037475825,-1.7097517615655444,-4.52467490035759,1
-1.8764157569464652,11.284978986002717,4.821745091286597,2.221390270241068,-7.338988090691514,-7.729953962740739,-8.007991940091765,6.467439089589836,2.093866472083568,3.683794109155792,0
-2.1009448673382782,7.311702523960481,5.6690344735537455,2.4457671663537752,-6.623597456837395,-5.897418609330432,-7.172853312173434,8.337892980516834,0.18142600353253036,2.881874589185207,0
-1.651537999850731,8.854347598234895,4.620862628325413,0.9706403193029232,-6.89814032714366,-7.168768232196085,-8.515609196297921,6.4962919719463805,2.541646749105348,5.694190468923487,0
3.0303140791661693,-7.666893603238928,-7.322471690274872,9.290842885079822,9.999706457350104,7.6344878216078245,-5.019304866046138,-8.082383298578785,3.153205978883922,-2.764809550573429,3
-4.576639723092627,8.925166088685533,3.335409335723248,2.6428422327707706,-6.513028945054422,-7.819989379603302,-9.352194673972704,6.264309393609752,1.9596211375910038,5.116593876422147,0
-1.8767898839972292,9.98684057782505,5.261688798445298,0.4029449640502756,-7.6067643669761384,-7.127628228827452,-8.912761185736057,7.944195013049381,2.2000012357974295,2.8261071972108076,0
-2.4130768461117666,8.55201083949328,4.2053826087957855,1.6639975604720927,-6.657493419517557,-7.358858214939424,-7.582571631062489,6.428915613279199,1.8354285907028167,3.721720497646734,0
-1.6395917029470901,10.369923987003272,5.053313739451802,3.8499654964987977,-7.6534163902548435,-8.124764296587363,-10.617048005540289,8.819567226987886,2.6766658912182333,4.105866885010454,0
-9.909945165301334,11.474945026800727,7.030788268239989,-5.323176139243407,-5.3332172018261454,-6.09312064390481,-4.174197286629949,0.298778783559779,-1.4327008865717492,-4.212639432549003,1
-9.094279927801212,9.658870809063792,6.098547662163016,-6.424841154372529,-6.389054726849433,-5.1591807836719585,-3.371554986214813,0.12451430055865131,-0.5894009165093405,-7.023959816669237,1
3.4311672974949623,-8.191288318098845,-4.6215112916050245,-2.2107022408742694,-0.09520980637668508,5.451980341815777,-6.604034551524447,1.7070586299707402,3.5871910410384285,-8.09213369481825,2
-8.399396742609309,10.10650089044095,7.000301023550018,-4.68306754811805,-6.390021915107048,-7.2137844541590415,-4.078222104753009,-0.24977401216169182,-2.036277902132067,-4.319935866754679,1
-0.4339367504274847,8.325098310108753,6.375842639393351,2.17108046740338,-7.531045194765719,-7.363995427330268,-9.15867506483033,7.7476888619006195,2.5451357228996754,3.58775155198233,0
2.051802737787497,-7.192338182038132,-8.266705189660254,9.447754932434869,8.60501476666916,5.455773098153178,-4.018389985089916,-8.94319994718753,4.526644225695264,-1.566157325655419,3
1.1347657446111665,-6.528763276516215,-3.7484997215938693,-2.98057160526505,-1.7171861141065117,4.816838305576816,-5.471707020486895,1.5136692707612944,1.2109836302120551,-8.61260504204856,2
2.143852052548212,-6.805127104822192,-9.070826022573076,8.249249123386324,9.632165332274143,7.821564230821506,-3.7678373836934593,-7.050439504961193,2.294438605089675,-1.0391886859142037,3
2.719306847128247,-8.447785209286462,-3.2879509649063636,-1.7854722968594239,-1.6418864198378622,5.741457063307875,-5.323195364021736,0.07537494869287098,2.9212694250068614,-6.707119250980684,2
-4.116680857613978,9.198919986730626,4.899761630476525,2.7549925557180424,-8.116577902029352,-8.200566206360223,-8.316386191019113,7.620507588731889,2.2727930852100524,4.507899765417885,0
-2.4489674131117236,11.477528240683608,4.447517871446979,2.2747170262743444,-6.914338960856513,-8.048787630895479,-7.69550494212099,8.075455948185477,2.8133321819072226,3.25206410112617,0
2.9812498659475266,-7.391346960177266,-4.806480067617063,-1.3514591018531539,0.5410026888543567,5.103095662121568,-7.873064308193422,1.2922024581091547,1.1636615514808457,-8.280366146437277,2
2.1839372414300446,-5.986553904540536,-3.0606377954847535,-3.298440421622378,-2.1978475102580477,5.500538590464616,-6.806562921230452,0.22116419365687745,3.0857295119249892,-9.528293400686835,2
1.2943988006195675,-6.491847149505834,-9.963466547249375,7.184604292532089,8.929823471878219,6.044218016054385,-4.305404310147191,-9.230588278094881,3.2847614681120003,-0.9276553726272391,3
1.8256312873315874,-6.056222052703416,-6.026848728991057,-3.061283909309175,-0.6881764257342228,6.152737949145307,-6.516331050023688,0.3191297799780739,-0.6400359761721397,-9.729240157933894,2
3.160368826624735,-7.434458964847666,-10.19798410075281,8.885865980731712,9.225205332714006,6.71626658988372,-2.9581300451680983,-8.105972901144815,5.540163845037401,-0.9727153806726813,3
-8.705200336936793,9.320359846227085,6.46837290241781,-2.560110218589616,-6.0647477474923015,-7.083700853026508,-4.341512737014789,1.643574341841512,-1.2478292166199207,-5.613695174356528,1
0.9336143458082871,-6.430055019450041,-9.591755655786294,9.491325209297763,9.34735441024375,4.199442748891167,-3.2527490323108967,-7.235759074280612,2.690797855408284,-0.7767585823129814,3
-3.2135413135955093,7.605824831834762,3.0832496627041976,2.579179635286372,-8.160056543647553,-5.125315411291582,-10.920257164519732,9.019979283788741,2.233317702066794,4.0647384440505165,0
2.2031555285262496,-7.650122592650771,-9.415984289422346,7.693126479366697,10.290456211177387,4.062300020488896,-2.7541342732156613,-6.660208322609479,3.382479943260516,-3.8000872130352716,3
-8.950259012643194,9.899041518184344,4.847795081855697,-6.295891586168499,-7.1512844077662265,-6.952757401182439,-4.083298959394035,0.023038054947629893,-3.340399437533473,-3.4275069399216274,1
-9.797333371369977,8.547676589030585,6.068329366203713,-5.164639382013867,-4.693596151506581,-5.937238273108343,-5.11103820284443,0.939731300864898,-0.16446814051203407,-4.785200100358543,1
-11.582045756655406,9.772253613087457,7.876521808481728,-6.962858805125682,-4.690928269020285,-5.912890793565278,-4.620166996567654,0.43935955498705126,-0.8027727146359628,-4.09941180462675,1
3.6018245863079783,-4.782320882616284,-10.381626834417096,7.953682154180287,9.032830319114181,5.20340916741903,-3.4017590630767214,-8.774829922278935,5.84971659804974,-0.006401530864377003,3
3.119390956770999,-7.662213119792243,-4.627149177055139,-2.4068849044741176,-1.315320051699876,5.63738661323445,-3.9068025676662903,0.03766306752623588,1.4899512252196276,-9.718533551235204,2
-0.0390246669497869,-5.394925305740439,-7.740582320452368,9.029371721917746,9.54171534969689,7.242264975044783,-3.683384959754504,-7.142540165111007,3.3871783293692874,0.11503361336597351,3
0.7405286393575108,-7.860146721366061,-4.240544999085998,-4.122408353824696,-1.8004601287845938,4.699561855778774,-5.799257027433862,0.354033105308483,1.1265538239035964,-8.894170873460647,2
0.26695407673575433,-6.317525448659854,-5.368278958576418,-1.9419990150596416,-0.8643272478228464,4.749579808463628,-6.413560669759586,0.9710072252289333,1.954185830356084,-8.486578765127561,2
2.595670845860361,-7.415171209056312,-8.54960465802322,9.341851041121327,9.319819128399129,4.081469303958137,-3.7472349925591066,-5.8340266804750796,3.3246212614861546,-1.925027223063294,3
-0.9231808069073981,7.776470629371472,6.772912210884368,0.021081884418230112,-7.031412286186853,-6.29179238679137,-8.557335888900978,6.70082339567811,1.8141779845069004,3.668450621262076,0
3.40373967245625,-7.037742142554319,-9.391218469560306,7.0087876026505835,9.416078790799293,8.210023002472965,-3.630366154567911,-8.068836699056035,4.006742841010123,-1.208042129156575,3
-3.571501336778855,9.487878558833502,3.720454601994298,3.5231040889582714,-7.662880483487507,-7.202171109481622,-8.02481053926634,6.092658599064748,2.249760169468305,5.468594310203337,0
-2.851885217133099,8.64284526220253,3.23236714151028,1.1953529963498566,-7.990203036617099,-5.127839149852324,-7.902649363488549,8.595078010492863,2.7439722989074107,3.0323997847036797,0
-10.380730035083912,9.090235513600845,4.75523814905465,-5.539924079061539,-6.362295180495764,-7.148998433999514,-3.2559094723768407,1.4326987702713156,-2.968659491526659,-4.938141974605376,1
2.673147674046545,-6.687432772697074,-6.426533419847528,9.866747867346557,9.8863850824956,4.891642545790885,-5.1960322339961245,-7.753842237730469,3.8301817280113784,-1.8110726902162892,3
1.8530866224952383,-6.9599225807074685,-2.1614395395116723,0.43715542187919487,-0.2718772565230978,5.520322609139885,-5.472018708352255,1.1723441941460686,1.5276237516836582,-7.275780389687723,2
2.0076671503795622,-7.253599736773025,-5.688214531851359,-2.158508378108331,-0.30654287394513646,5.641328210860962,-4.882170996962303,-0.04938846270770797,2.41289730313445,-10.09065608429216,2
1.1659039122117512,-6.390837516706763,-8.778035482158966,8.39858663543092,8.831806871979207,6.864114959488511,-4.425417189401801,-8.134648963901395,5.85459711832368,-2.620632762091896,3
1.3688935455177296,-7.349220643734457,-10.4700366933825,9.449253125484873,7.4814957831528375,4.939503131063459,-5.98331262561112,-8.132627412663215,3.5343400699712655,-1.523646338394337,3
-2.7581617715318236,9.985857079152677,5.285254785813249,3.341801241473081,-7.844550651731375,-6.194058133277507,-7.7799032697864225,5.564783429075589,0.8390417221984006,2.1222193781608083,0
2.7478499829751843,-6.179542201335106,-4.814941583147774,-1.8182379070595502,-1.9705342160545936,6.593766728696782,-5.834685017039274,0.8379399882570162,0.6726967716159982,-9.96606158787665,2
1.2345761189553466,-7.42643823005045,-8.839343199199746,9.285323413255863,8.788073647724136,7.520149641196365,-3.4836577550141357,-8.007110671631581,2.2487510063746097,-2.51276594163548,3
1.905749511264267,-7.822359521466913,-5.242257555853435,-3.498173664105121,2.0704941096494447,6.948198808597059,-7.357598723040827,-1.0377691884713376,2.330157438959341,-8.523726948222079,2
-9.347556934595383,11.99988015742028,7.21436246163998,-7.513980545590295,-5.610159034753455,-5.9507514180485455,-2.6254023867265,1.1683099839147157,-1.499555611141459,-5.399715432328527,1
-10.296716880994413,7.884482650627059,4.84571313975249,-7.337353729439966,-6.0963740048465045,-5.82318477970139,-5.496345842841379,1.3901669467208726,-1.8441606788411247,-4.028624184053612,1
-8.635173480170707,9.68532120844171,6.036415441367998,-5.391714261228375,-7.50722686317865,-6.223350097154801,-3.948385131453706,0.28701177537221756,-1.4896371385966158,-6.057266241536801,1
-11.760979660097988,10.245618720390308,6.113524630054513,-5.843751068738638,-6.031520325288973,-6.141410123152257,-3.205703323670206,0.05964226207491391,-0.8479938289816025,-4.4349638736230785,1
2.579213730404004,-6.512361030036453,-9.292779548363114,8.812079334749034,9.391217691210336,4.03921286791441,-3.449556501743888,-9.026278944589128,2.5313281270373924,-2.8842944723186834,3
3.8003779323526876,-5.518906966274984,-9.428570610101819,9.33912806233977,8.01949911773254,6.740337273504897,-3.457121203670048,-9.916374059404486,2.5228766863307737,-1.4800890219517402,3
0.6019365129752914,-6.331541545032989,-7.595090796978152,9.452878491562048,9.310236820572333,5.578675310539915,-4.999888249250676,-7.211806393547439,4.598432151628723,-2.742679911898706,3
1.0535287190576998,-8.06644245378607,-9.438339547753445,10.16961007948024,10.262656490160833,6.410951684383621,-5.440425176422518,-8.242838371260259,3.986360539144873,-1.0214138956293752,3
2.7999387546219445,-8.089937140461217,-2.1700459175961955,-3.2037340319381302,-1.2137380968307323,6.045857062349894,-4.452363936118031,1.1386647448244562,2.26315687760276,-8.607703215481939,2
-2.2642310519440274,8.50734295282719,4.168840530609779,2.2052196212983683,-8.327711532648594,-8.287573367652502,-9.556771977888447,7.110075763786856,2.3332078004621803,5.636807772870461,0
4.23694408756588,-7.604277019440022,-9.060430906988396,9.39415678316812,9.258735812485448,5.185643381951907,-2.785866760302116,-5.726516997855063,3.8807919892670446,-2.1010184149439732,3
-8.41518547649731,9.76783923543798,6.541550672004207,-5.305500860624199,-7.934376807926487,-7.458677271841129,-5.109080147208301,0.638071727408464,0.37141537232740673,-1.944117049846529,1
1.3116332683880025,-6.954739031284846,-5.052453351658661,-3.0808639732863865,-1.8744157104495096,6.35465546968393,-5.14807324017614,0.05006819831481876,1.8865293722008782,-10.519583160233589,2
-9.265142399899169,9.250594456941217,6.182816314140194,-7.347920853701273,-5.849900549288271,-6.864610642593235,-5.085071976519534,-2.377133580636892,-1.3886145322083214,-2.403165599369417,1
-3.5800901211138623,9.496758543441507,4.41641605090225,2.687170178032824,-6.406389566577725,-6.95293850593282,-9.685121474704415,5.808675690812839,1.5757852827971546,5.017850350244381,0
2.6275227443764795,-7.313344539891659,-3.8917446798960085,-3.255521791737748,-3.3174174739357096,5.569240065673969,-4.583776220732865,1.210904170513825,2.8136888618320204,-7.834861023793827,2
-2.480452800117933,10.29273799080562,4.830977904248004,2.019606232096881,-8.23948333213119,-6.133856027248726,-8.192843575494935,9.486777638804163,1.7145219999111747,4.3806018835848475,0
3.7139923205658643,-8.377902338227099,-3.9403314655330077,-3.77006566175901,-1.4674671423979766,4.866256796810573,-6.6143996175086235,-0.25443393487674604,1.3000225823157727,-8.237657833819737,2
-9.594381025623845,10.236687817691529,6.730682174556001,-5.85210743962562,-5.444424172870219,-6.622184347119975,-3.6477628267373428,0.8168264388407709,-2.029190080800734,-3.1833748465026384,1
1.6016955056219606,-8.399789446049525,-4.781452419008861,-2.8572884917820156,-1.4833449801974932,3.4979531707612037,-5.109458159945674,1.5595638095509547,2.4998133685803556,-10.208677416024862,2
-2.237618785857377,7.737537552378012,3.558822295819839,3.0263225372736358,-6.9191823450079255,-6.198608895903322,-8.81000938050555,7.353279054994449,2.9605840408401733,3.645406827703535,0
-3.631919644615049,9.396695874382372,4.8063310444411576,2.465620947948881,-6.590458547243452,-4.424809453365052,-9.476067740887327,6.792525960496885,1.3991597084394112,3.605974436760654,0
-10.604131933062348,9.459876893087857,7.0776693163390085,-5.060112179171333,-6.187059100580762,-6.698937642014646,-4.742745361457965,0.581272515691132,-2.4332386391432923,-7.096767679533769,1
-7.499935409303223,9.258607415084713,7.757035632745952,-6.793123713560008,-5.750726750795418,-7.38532536610498,-4.53892410150505,2.4091599865115434,-1.5517820279210317,-3.9579843228594385,1
-2.128999772046787,9.624871873482144,5.199669284159141,3.0539504094953536,-6.045705036602366,-6.42092951404751,-8.908493468094658,5.662561981982712,2.4519184539967616,4.36913924308402,0
1.9373812464408027,-7.260327404000908,-1.5363139382656619,-3.7847301599003296,0.5855769230931569,6.700378001326081,-5.725887952342669,2.043309252467366,2.2203968498477127,-8.681832549932116,2
2.604539559921894,-7.523652473131561,-3.235305527318385,-2.1900752469169533,-0.45850582520743927,6.310369821075944,-3.9499807920032644,-0.8461996670536831,2.321923454052304,-9.997372875581583,2
-10.822658985963873,8.805732784086992,6.622447059049509,-5.47305662761487,-7.173104175779634,-5.907848758467234,-4.388994487880161,0.48067636176647816,-0.8148153791539856,-4.1689949262282235,1
-8.439544413711847,7.658483264461786,6.286411874605304,-6.872887681060621,-7.658182131578894,-5.171083015552805,-4.382856342121137,0.841632514375473,-1.4080202060368692,-3.6983763688160396,1
-2.376227948905874,8.314165313259148,5.834925465152944,0.4499827791569573,-7.438549038422859,-6.502897718211425,-7.27280372740167,7.2577726544257155,1.4671007081709773,6.042608625361499,0
2.035566360500072,-7.216644102188621,-3.558312639733727,-2.004422645408085,-1.6127741144377763,5.7855147842738335,-5.549243952217565,1.740511090418999,2.552797917065573,-8.281935058224526,2
0.1500308758455211,-7.794740517616362,-4.188165962166539,-3.5824465511079997,-1.8151066904488764,5.0357396713913865,-5.714331628506432,0.09735974986585785,-0.3899398560841223,-11.191691898235112,2
4.1424503402335,-7.421578831104027,-9.249083423230948,8.830685321635816,10.153375143620737,6.3757494696825345,-5.200349963684849,-8.578726282999511,3.077306097030926,-1.2741711704310186,3
-3.189222344631241,9.246539825359324,4.932951309526783,1.258818265914364,-5.013852680006513,-6.406276672364159,-10.029631253838659,7.980076524132533,1.047618564636854,4.948536159663361,0
-10.137035021824913,9.491041944381001,6.808709208005836,-6.780892927360435,-5.097792814993287,-7.198084651145825,-2.9456979402825088,0.9223229945164422,-2.0073269370014883,-2.4001063034296495,1
-2.5450236621627016,10.578929784012328,2.020133732138357,2.795072188315956,-6.792580122913098,-7.179116943741814,-8.746566980100509,5.335954000897811,1.8026283470266637,4.518564127432655,0
-9.738365701116479,9.523773496711428,6.475780991724566,-5.7376387388530095,-7.459775742753189,-7.7719606855256185,-2.3206500775842733,-0.35183271567357055,-2.3524919766139925,-6.328807309642876,1
-2.030217797306358,9.347948233485269,5.677418780486001,1.463153285085985,-7.1495021264446414,-7.858873309058254,-9.282621016712122,7.700823408543555,2.7792888515095275,3.2392862317432836,0
-1.4261463798774732,10.068088180233225,3.2622094682710103,1.035344644025609,-6.36459192394261,-6.366323642363738,-8.323280070329963,11.176254406153424,2.593190745557343,5.297017196101508,0
1.8500372908879401,-7.798994461672975,-8.309989410942226,9.229184354007177,9.118371529512668,5.412155462170858,-2.859017490116023,-6.391150606784026,3.2010990463966005,-1.8091170423627938,3
-2.617957771509608,9.415997850297263,5.330022827939214,1.5719492120548957,-6.655534709340853,-6.867517192494152,-8.74065165808718,6.550513131643236,2.0468104091231183,4.659449847166359,0
2.1881607109734844,-8.615312633762738,-4.209511479873107,-0.9686576178706747,0.3682913998754389,5.641515218494241,-5.055075079774719,-0.08181825209581928,0.1444197904141309,-9.9954577337296,2
-9.953262843626836,8.55898737590088,5.604043621987402,-7.7195743758104785,-4.3072935259176655,-7.435118168653007,-4.136408764395018,0.2183153327558366,-1.0536929293485844,-3.3596799834998645,1
1.0800446193443276,-4.6780984391144464,-9.979423711296876,9.167190566287747,10.320084634686385,4.913024294326929,-3.7230141417515035,-7.108642182361667,3.6971598521503877,1.6714529304587953,3
1.3673948131728955,-6.084688002544393,-5.346518922162964,-1.0300901808702025,-1.7792210503071493,6.341911153468656,-6.3351428325817905,0.8878761993545756,1.3041773751266572,-9.23378465167234,2
2.6421047034407628,-6.947546906001156,-8.838365340957644,9.717363896791337,7.403284573983894,7.486249287181891,-3.8350440922032454,-8.458050864434503,3.5954263760216887,-1.2345207701874543,3
2.7925705407898382,-8.128809298445256,-4.574473842900721,-2.967853048364072,0.0972164036854285,6.621973671802687,-7.25224173327919,0.3396228792720813,1.1387115224916773,-10.32949665627538,2
3.975909246300921,-7.531365553077075,-2.324549985816435,-1.8586113720078994,-0.3965335883238944,6.072252375177793,-5.612727058616554,-1.6429838110733774,1.5694079830900933,-8.225833774415724,2
2.0602837313318076,-8.75874108582291,-4.648260776437741,-2.957638627495837,-1.1347800681546607,5.462021781989494,-6.068288556692934,0.7641302863582964,2.722808451373372,-9.720756972448312,2
1.1852322345055584,-4.960351161353225,-9.280750173686464,7.803830780657694,9.114702932506505,8.235853300492774,-5.739406863738613,-9.097867631511667,5.182092213422764,0.6607522183297594,3
2.467128653638992,-6.712379697867768,-3.4911827772411756,-2.2511765235117105,-0.039659815189668324,5.086266041313349,-6.564826110778836,-0.8154654646994624,2.287792607861076,-8.292055242087931,2
