feature_0,feature_1,feature_2,feature_3,target
37.454011884736246,1678.777388097248,0.7319939418114051,6.986584841970366,1.5403269655218537
15.601864044243651,380.5007504696002,0.05808361216819946,9.661761457749352,0.9560895744800866
60.11150117432088,1282.3910226220626,0.020584494295802447,10.699098521619943,0.4137852049492915
83.24426408004217,472.5468610354561,0.18182496720710062,2.834045098534338,0.8012146391243931
30.42422429595377,982.9206004243048,0.43194501864211576,3.9122914019804194,1.4992592572813301
61.18528947223795,353.54480782316483,0.29214464853521815,4.663618432936917,1.0359917590846446
45.606998421703594,1408.3492828291407,0.19967378215835974,6.142344384136116,1.4100151314052733
59.24145688620425,201.54640932941828,0.6075448519014384,2.705241236872915,1.1201808066405912
6.505159298527952,1675.789859268583,0.9656320330745594,9.08397348116461,1.5667763421711387
30.46137691733707,285.2236239715727,0.6842330265121569,5.4015249373960135,1.4159605584753765
12.203823484477883,934.5986605206788,0.034388521115218396,10.093204020787821,1.207897658783775
25.87799816000169,1207.9787796539106,0.31171107608941095,6.200680211778108,1.5021785045257672
54.67102793432797,427.6471538640069,0.9695846277645586,8.751328233611146,1.4397006865708337
93.9498941564189,1587.4788819176465,0.5978999788110851,10.218742350231167,1.472134882933295
8.84925020519195,445.8268329624443,0.045227288910538066,4.253303307632644,1.157223699939204
38.8677289689482,568.9471310289706,0.8287375091519293,4.567533266935893,1.4885493783577881
28.093450968738075,1012.2273206941843,0.14092422497476265,9.021969807540398,1.3763414020836628
7.455064367977082,1737.8700161165107,0.7722447692966574,2.987156815341724,1.565241446209347
0.5522117123602399,1457.8244752617554,0.7068573438476171,8.290071680409874,1.5702604455034377
77.12703466859458,246.6251357848169,0.3584657285442726,2.158690595251297,0.8534234242999204
86.31034258755935,1143.901090587214,0.3308980248526492,1.6355835028602363,1.3466053461812166
31.09823217156622,656.892344629151,0.7296061783380641,7.3755747135521315,1.5060008335652126
88.72127425763266,897.0873148417933,0.1195942459383017,8.13244787222995,0.8798325030781161
76.07850486168974,1042.5819528097256,0.770967179954561,5.937955963643907,1.4764284673379033
52.27328293819941,824.1067617830213,0.02541912674409519,2.0789142699330445,0.3811358235527016
3.142918568673425,1165.3216879446545,0.3143559810763267,6.085706911647028,1.5622169630111855
90.7566473926093,532.9145167029786,0.41038292303562973,8.555511385430487,1.1774392470560535
22.879816549162246,251.4202561235049,0.289751452913768,2.612212872540044,1.2664756736279568
92.96976523425731,1445.8319309245908,0.6334037565104235,9.714605901877178,1.4696248689060136
80.36720768991145,430.449811859208,0.8925589984899778,6.393422419156507,1.364589776736309
80.74401551640625,1589.5437054319864,0.3180034749718639,2.1005192452767676,1.4123972457151641
22.793516254194166,823.3990254839908,0.8180147659224931,9.607305832563434,1.5369684909204995
0.6952130531190703,960.0348924252032,0.417411003148779,3.2210781047073027,1.5690614568567172
11.98653673336828,677.2013640990818,0.9429097039125192,4.232029320207552,1.5520267265161292
51.87906217433661,1274.1352883752982,0.363629602379294,10.717820827209607,1.4592867652866217
96.24472949421113,536.9823597954385,0.49724850589238545,4.008783098167696,1.224843037515642
28.484049437746762,185.92326281121564,0.6095643339798968,6.026790232288615,1.3245621875178486
5.147875124998935,580.8684223407366,0.9082658859666537,3.395618906669724,1.5610391568741715
14.48948720912231,925.2475280465555,0.9856504541106007,3.4205527151150044,1.554909550975814
67.21355474058785,1369.866972083815,0.23763754399239967,8.282163486118595,1.3671844262018507
36.77831327192532,1158.616329295278,0.6335297107608947,6.357746840747585,1.5207327113123286
9.02897700544083,1490.2374016511444,0.32078006497173583,2.8651851039985425,1.5519110091339587
4.077514155476392,1090.963069420272,0.6775643618422824,1.1658782892785615,1.565280242046683
51.2093058299281,495.67358712769465,0.6451727904094499,2.7436642900499146,1.412012384037512
69.09377381024659,757.4454660106536,0.9367299887367345,2.3752094414599325,1.4737215814483402
34.10663510502585,311.0372481109197,0.9246936182785628,9.77339353380981,1.4527627210228526
25.79416277151556,1203.832242007463,0.8172222002012158,6.5520081159946235,1.5445833780213325
52.965057835600646,520.7604239238864,0.09310276780589921,9.972157579533267,0.7412567886927035
90.04180571633304,1159.916087459871,0.3390297910487007,4.4920957461266084,1.3457057129754966
72.59556788702393,1591.2083072496555,0.8870864242651173,8.798755458576238,1.5194115249545859
64.20316461542878,263.11712401250054,0.16162871409461377,9.985541885270793,0.5850291410789236
60.642905965958995,140.68826883620645,0.1014715428660321,7.635017691080558,0.23118450357497272
0.5061583846218687,388.3642704886695,0.5487337893665861,7.918951976926932,1.568421208144804
65.19612595026005,492.036369957606,0.7121792213475359,3.3724908749680007,1.3868468658224542
32.539969815926774,1345.1531015726791,0.6496328990472147,9.49223410494178,1.533576286012132
65.76128923003434,1054.0686554131003,0.09367476782809248,4.677158030594335,0.9832496061691877
26.520236768172545,524.2520631632874,0.9730105547524456,4.930977246667604,1.5188530682748016
89.20465551771133,1156.7095509750654,0.7948113035416484,6.026370931051921,1.474070629833236
57.69038846263591,930.2544898490432,0.1952429877980445,8.224521152615054,1.2632413645570273
28.07723624408558,165.38695412670725,0.6454722959071678,2.7711067940704894,1.313604070145705
94.04585843529144,1684.0283111151525,0.9148643902204485,4.701587002554444,1.5098292961435003
1.5456616528867428,1642.1910698802417,0.42818414831731433,10.666548190436696,1.5685981658030486
96.36199770892529,1519.1639902878135,0.2944488920695857,4.850977286019253,1.3586162348700874
85.11366715168569,643.3964245867442,0.1694927466860925,6.568012624583502,0.9080619465889176
93.6154774160781,1262.717596018712,0.570061170089365,1.9717649377076854,1.4414692534739642
61.500722669916975,1743.0435752594303,0.14008401523652403,6.183296523637368,1.3240545587538866
87.73730719279554,1335.8041948677583,0.697015740995268,8.024840839871093,1.476841648904018
35.94911512197552,605.2836163131014,0.8093611554785136,9.101133946791808,1.4975460339693634
86.70723185801037,1617.5592077968724,0.5113423988609378,6.015162946871996,1.4663483438213951
79.82951789667752,1187.463099359073,0.7019668772577033,8.95792669436101,1.4753181078512145
89.00053418175663,677.8221190347234,0.375582952639944,1.93981939840869,1.23447726941111
57.8280140996174,184.3800174664338,0.46559801813246016,6.426446347075766,0.9779925393243757
28.65412521282844,1090.865570211648,0.03050024993904943,1.3734818874921442,0.8598163175575477
82.26005606596583,714.0812880772896,0.12706051265188478,6.222432600548044,0.8343283039345165
76.99935530986109,478.23501847021896,0.6228904758190003,1.85347464993768,1.3178476813541904
5.16817211686077,993.6996057760023,0.5406351216101065,7.374299014982066,1.561176565202208
72.60913337226616,1719.843162535099,0.5163003483011953,4.229564729412459,1.489206712749281
79.51861947687037,568.1029038220527,0.4389714207056361,1.7845638134226596,1.2621229984141022
2.535074341545751,1698.2732836654473,0.8359801205122058,7.95974206093698,1.569010716286869
40.89529444142699,408.7621908221636,0.15643704267108605,3.502428981645953,1.0018094798349984
54.92266647061205,1293.0477426842542,0.6601973767177313,3.7993389694594284,1.5065474987824983
95.48652806631941,1331.1129030945444,0.5543540525114007,7.117207462343522,1.4421097060636616
41.96000624277899,530.3640316189422,0.3559726786512616,8.57846110464369,1.3520991791845416
1.4393488629755868,315.2832425872262,0.04600264202175275,1.4072880231897014,1.4718659172576392
85.54605840110072,1275.1790142114728,0.4741738290873252,1.9783416065100148,1.4302502493896476
49.16158751168324,899.140533262107,0.17320186991001518,5.33851649237973,1.2650174948555324
39.85047343973734,1131.733780895358,0.6350936508676438,1.4530400977204452,1.5154093848442944
37.46126146264712,1148.0861011033612,0.5031362585800877,9.564898411883222,1.5060351620500292
65.8693631618945,391.83797769424996,0.07056874740042984,7.424192782063156,0.39744780960684145
2.6511310541621813,1082.6032027897134,0.9402302414249576,6.75474177875879,1.5681918124726408
38.816992620652194,1176.5574675672603,0.45825289049151663,6.45616789315935,1.4989251174912421
94.14648087765252,756.4118555757993,0.9611905638239142,10.053506419560637,1.4420228465022178
19.579113478929642,238.97428184547428,0.10077800137742665,1.1822182565154973,0.8881229860112735
9.44429607559284,1241.4428182363772,0.07118864846022899,4.189756302937613,1.4643359546166808
84.48753109694546,163.68139616168355,0.8144684825889358,3.8185477477339993,1.0059230937519377
11.816482762165625,1263.8731734429077,0.628942846779884,9.77472013527053,1.5559321245591897
73.50710438038858,1438.2527960057885,0.2820345725713065,2.774395437797228,1.391527631637043
75.06147516408583,1443.7316727059895,0.9905051420006733,5.126176769114265,1.5183547740960552
37.201808579278314,1394.0337980254496,0.34080354025301784,10.307573256035647,1.4926512851408607
85.84127518430118,826.480438257925,0.7508710677914974,8.545428740846823,1.4333443031392425
10.31238688359326,1600.099568315925,0.5052523724478571,9.264574661077416,1.558041331231545
32.00496010306117,1588.6156879401838,0.3892016787341631,1.1083765148029836,1.5190789254783321
90.53819764192636,274.79219378780215,0.31931363759041487,10.50061967050805,0.7697296779892263
95.06071469375561,1062.4479995850356,0.6318372121697993,5.4844552197831975,1.4301234814745865
29.321077169806454,662.5793691829615,0.6725184560770384,8.5237452943768,1.5050892213834737
79.15790437258485,1415.6061555467768,0.09120610304869037,5.944203047025814,1.0208031638803254
5.755876001664428,1023.3895739582936,0.441530501373377,9.877041827582998,1.5580587640152963
35.09150125520787,316.90768311264566,0.14299168205283586,8.615106317174723,0.9118650431306272
61.82180633162611,290.86055948131457,0.08410680611499743,8.0096913145912,0.3767944780175115
7.276300636419353,1468.2774589072283,0.7062422271564962,1.8134878064189976,1.5637794823057904
8.483771408519193,1737.4659249549075,0.3742707957561203,4.706421470668909,1.5577507836549351
81.27995672575025,1673.1156754964986,0.9860010638228709,8.533781852589417,1.5215664122221157
37.62595855309158,262.0728299816023,0.7771469159274368,6.58404249735805,1.3881148399229668
42.42220092469763,1606.3097705801003,0.11119748230615134,5.926251042908591,1.3376136361097064
1.1353644767419069,891.2809376996117,0.05630327568183735,2.1881791626807194,1.548175036631317
11.752624677710488,1186.231950340162,0.7460448792654233,6.833687650971596,1.5575170376386531
96.21725484745419,738.0628486564725,0.28571208628186073,9.685991281894603,1.142732361152697
22.359583851945263,1699.211190056531,0.012154474689816341,10.69878826707639,0.7457417188612435
4.315991195057611,1581.4602089749085,0.5277011090862999,10.929647961193004,1.5656246612366116
7.379656473539886,1030.4556726814908,0.969302535619099,6.230978441701488,1.5634081097040196
62.93986381352625,1262.2583705741692,0.45454106476777323,7.275580800840634,1.4615337548513063
58.43143119231002,1597.8208265942758,0.04544638034145787,3.809631895922303,0.8932116943624883
95.04114840765587,1580.0237110225437,0.45565675278571294,7.201325978015367,1.4395441972401943
27.738118298113267,432.98373389753124,0.46369840493998216,4.533522280260528,1.4335090304049751
58.365611185087204,252.653199641298,0.9743948076661665,10.86210744479603,1.3380125883308478
69.81617140197451,1001.4458373274847,0.30952761628632774,9.137950197069486,1.3492614593882963
68.47311725538793,391.3193207810788,0.9109271844938425,9.22537242923169,1.3810176659925515
94.9799913291924,1311.219545725819,0.6134151959357899,5.182430362906189,1.4532536234729094
93.27284833540132,1540.490081596412,0.04521867010618941,1.26366974497252,0.6414653503898774
37.64633668780496,1449.8064685936024,0.9872761293149445,2.504168911035282,1.5445012753403524
59.41307153521351,747.8977429895926,0.9699143978146032,9.421189231357086,1.489074485024738
83.83287047111378,891.3340596954179,0.4148195023376652,3.7340707193070624,1.347832860998987
5.6375496650927115,1538.2985477551354,0.8129010091300776,10.997176732861305,1.5662880645969
99.66368370739053,1033.0325924074646,0.7689874151805105,10.44765729882428,1.4459888766815687
84.96473906774115,529.7385353878132,0.4505441353100935,2.29159415151495,1.2287926413567491
95.40510272587224,1115.9276709029405,0.22864280550346272,7.7170068440585675,1.2129732051310604
61.81282404578958,710.7684152996883,0.11355759219962902,7.715731955927996,0.9172375386588941
52.03077009037933,1387.3447947122554,0.5201635011119934,9.5218150031854,1.4988207497627735
55.190683877448556,1042.0277836010594,0.876653602658345,5.034828662123971,1.5104527625766178
13.401522845064074,172.68389726104382,0.755137255673619,7.203095513534647,1.468382877192343
70.40797680992236,473.56796168622986,0.13637147558676976,1.1454466566788193,0.7422456562814629
35.058755880659696,1089.3698631910954,0.3922440450997323,5.374749220237291,1.4889322696112068
90.41586944937484,694.5836508654908,0.5139894891598108,8.83653012741143,1.3227520834700612
39.65427823212701,1141.9220699561292,0.8623637087467452,10.495206236576422,1.530549784792769
14.707348092903793,1639.3633617231649,0.4921162930795382,3.5824438829895833,1.5525681433721108
45.913575623826134,1726.6725383172727,0.4926180939928696,4.287516102875082,1.5168701567679745
63.34008543167258,517.9723562511718,0.07586332810866392,2.2887972191064923,0.5552626562822556
12.804583895777244,373.81622686292917,0.13882717264941014,7.4087474480321465,1.3288902246330045
18.188008439914483,690.3555210394187,0.8967884099060118,5.739616402628723,1.5414267533045352
66.75577385210272,407.1703036895731,0.19228901880867078,1.4086861626647886,0.8647690741131928
16.893506307216455,580.776734624815,0.17701048427674682,1.8870253375705561,1.4079225377319875
12.06358711006008,878.4048862861104,0.2063337184057925,4.642698610480755,1.504334542922859
50.34172708548569,1253.5121534267587,0.039312139841098936,8.994103989090426,0.774722279512078
62.79003894909078,259.2275646938901,0.8735786241067772,10.208724005318132,1.3003177310931466
6.107795985486375,577.9788345320786,0.8062012797930613,8.482596903836583,1.5576892928750528
18.45210193563773,467.6626601824654,0.370472102791382,5.845229851910213,1.464694088756001
61.825477153029595,728.331423681956,0.4625347161331479,8.474709381337565,1.3892915047803145
3.66832028905979,538.0518120634239,0.7133495858845524,9.952068376871994,1.5612391917134756
51.167744211566614,994.9392905600914,0.10717201133977605,5.474123668234546,1.1233860949565548
53.261726645502314,521.7703536677553,0.26924323094938096,4.7728416310462265,1.2084066009417107
2.007119777772637,651.8213071882224,0.21144800699654465,4.274973521779146,1.5562346437281216
11.976213181925122,1580.4541669003413,0.5935924535540487,7.791023191444896,1.5580311836687983
78.91712386073382,939.9329283488194,0.08692028808742369,6.371065418185478,0.8027169142967765
58.68411180208791,1343.4346375561229,0.4316595462296794,2.2758030279556376,1.4699437620348348
28.377590579872447,718.805177151113,0.6459172413316012,6.707783046689119,1.5097516624159397
35.60967258978462,1737.2628164400044,0.6057748193568872,3.372267917359945,1.5369722738725053
10.178247262040374,375.37870346528143,0.24595772838450813,2.6068137325955565,1.4609975447068149
18.656702405130577,591.4032076657088,0.17337359529475482,9.967654246264251,1.3908083716681612
8.023374566164222,982.5202928065964,0.4103968269896615,10.823786169086064,1.550900850624283
11.203890216805235,775.6118242624592,0.9694704332753689,9.655071258939802,1.5558973036363966
81.707207094928,546.9810320714911,0.17088758739006582,7.68643219924431,0.8524562473001831
92.93759891275857,1035.2072576752519,0.5716126894698998,3.7997909366028417,1.4150100907498178
76.94929331919369,431.2236446550619,0.3236792364042437,5.254364386164168,1.0669549895559869
50.7610378684455,521.6710760908112,0.11483682473920354,7.1062004244163255,0.8678521847607545
28.863055324025577,1075.1908438751673,0.1543627152742023,5.811401018548175,1.3986122759393835
53.258943255158584,210.3240962770675,0.3366042781939206,2.3441467693897424,0.9258190207695015
6.337497047276774,1742.8906387231857,0.32235384497472297,9.09874445854635,1.5595166564424243
25.464065476376383,1238.9857578244653,0.7602278598896866,6.956387406078443,1.5437684499733821
47.15761885501584,798.4586291166288,0.3488682665429953,10.29529144247826,1.4030937057667399
83.06194077877291,1702.1588617381037,0.12429722348554473,8.308674752036442,1.1966930069242698
93.83404568210378,421.731150155459,0.0664962673667775,8.41120649290059,0.2904108153427305
57.44731131799119,1500.898918478612,0.1397723766262895,8.952673118598902,1.303508772058444
20.162732004774455,393.01666621166,0.16426579793099294,9.14574720231382,1.2680798175725945
66.51972206962002,980.1581239603664,0.3588304841235025,9.772005408131083,1.3838722431354638
39.244510742263536,1459.6835621277055,0.4391349085702184,4.769444294249076,1.509648562713429
46.26797856696064,618.0030941664522,0.7476093801762511,6.027203900924792,1.4709872817319884
23.22126951468173,1595.2340789364814,0.3838912213732114,6.435528611139886,1.5328957856437242
90.6472110964547,1145.4364872121982,0.11689804070836407,10.398321236134752,0.9756869891322182
62.770805307141785,672.7749558429832,0.13927207266338726,8.94025189270296,0.9805430158134325
62.00727559285135,997.1407788585681,0.8938925830509576,8.885972112245307,1.5013416063865703
15.167487973275119,634.9016603807148,0.24848913981446574,8.439462925726769,1.4749517369730503
3.353243473577938,1056.6515547647234,0.7624586857406905,9.767656367617494,1.566634207538048
34.20817487159075,1467.2927819771578,0.11063173695520723,9.464522917345182,1.363101715596209
12.748866233198243,774.6834195058942,0.7972953657795536,2.499174273487738,1.55015836701816
22.92513952326415,1305.5558548516003,0.7200365365460744,7.411476328852973,1.5464139538607695
69.39484444671,1012.273650698689,0.25179905890695276,4.456959935039194,1.30498409115712
18.159771680142565,1609.7341431539219,0.5833917947661205,5.008514167636399,1.551461430563773
46.20058036441327,1673.1724640516834,0.1533514031160802,6.862298320167972,1.392644521158075
50.5888678884466,1124.5525758484755,0.01811018382084051,9.721239089441514,0.3827233625334533
93.21182824836124,1048.8812002327004,0.6966508238768923,10.224993811772958,1.443917147679645
70.72386343133986,374.85578517822375,0.5762883601668132,7.067150463828559,1.2544061408070535
42.4130671302386,1328.7397623605252,0.9343670147690148,10.255685129067764,1.5366476865600243
45.08393714041321,310.6525688620858,0.9848411989623346,9.388980864459342,1.4244887654471223
12.466268120326685,1629.9769547888282,0.8698963620621283,6.188380571260721,1.5620045566542866
59.127543574492925,777.4857670288415,0.05476163882203133,4.3519724164590095,0.6240705884542019
80.28534485980114,133.23070945370173,0.3334991716911442,4.981686935909433,0.5054585495879601
53.73956029379229,1628.365762524124,0.34634599436596125,4.469532018962277,1.475796497123625
73.75012481097484,864.4196778224709,0.22460482293998196,5.524395161326934,1.2077747593125636
14.085702037979985,413.8144578619241,0.49836777273947974,5.189254495045479,1.5026017392908826
91.48459010681,717.6805919522908,0.5805883502780435,7.322642879195303,1.3546679645401434
1.3094456588333636,1209.637055464779,0.17803596686975143,10.610703174694551,1.5647161045261062
14.866272775311295,803.0053587165918,0.08534966807864386,10.968742518459473,1.3571938608867757
50.21950103312426,1098.301448308034,0.06707647738842748,8.499604703991778,0.9724710521722996
20.990559309558577,1592.7505004241007,0.20513964048200717,2.9068772066366657,1.5066413204407463
3.654966784809488,896.8455704588696,0.5648411332626164,1.6570863942835237,1.5635813906395513
77.55276166950105,866.169120206906,0.52439026932758,5.407627469382281,1.4016851811280429
40.0763060875326,1039.9079219586283,0.1552402459307125,2.8192813049527112,1.327465325915536
86.17856210135173,1671.2645864926926,0.37330931627975295,3.707446731435538,1.433535747954835
64.39995432390158,793.3833661238962,0.02538635566034486,2.5615259736619036,0.3031060263711167
71.59722288473975,1202.1004260368584,0.02709599250348349,3.219721619329494,0.42694754760897585
23.10747965880714,1223.2866259344207,0.019710537754364155,2.0410858198457387,0.8066525722872754
79.99160853731894,417.3392974403264,0.6527461078518747,3.381827810467265,1.28518656861608
9.944139275934516,522.9166499202256,0.7222669318556592,9.556964681062858,1.5444732347700998
83.02198645669915,774.5139127072166,0.6680851365706462,3.0498429541582097,1.4117049495455578
29.314773026101328,1589.9431579035704,0.013001923510736035,1.8550853085446808,0.6141892053788287
20.78862551460273,169.00746206583182,0.18143543508979731,6.830415609696922,0.9750095603658491
42.1424550592498,1583.9573687287561,0.8174435617384409,4.41817351697876,1.5382602392062306
25.94234334312925,745.9399238070852,0.5902949425148077,3.6806364082287626,1.5119478939614321
62.4148907849134,794.4901183289832,0.5520471808519802,5.361265291353167,1.4294392605267139
29.44657595419177,1675.083755684725,0.7636057941597608,2.4011317576645252,1.5477791295201588
86.84679758979128,921.9450473501856,0.8945522268940914,8.998552559473152,1.4658794092726946
42.52135044692334,162.37020139744862,0.2686773593849461,6.416342146608669,0.7982000541482465
63.347821982614725,546.9562963078681,0.13935607407282413,9.34930236799299,0.8773764107620904
98.44021807035521,984.446001832518,0.1716792858483035,3.7230732651936895,1.043376371224269
1.8390676547466733,1619.2880013593087,0.11775108289014113,6.765164755142536,1.561151477640105
27.4055220687206,1030.9845077156265,0.6514203883518642,9.297418037072017,1.530012893676786
20.64212717606032,143.6268017010712,0.13688563006880727,10.00018641848105,0.7610274947385787
87.38900775625153,1101.6145848705867,0.6005168604336534,7.650366745462555,1.439457023471964
17.53712786234496,1619.4728290133442,0.4187705248920731,4.831385282494974,1.5449432637743914
51.89177052828376,202.38863296200446,0.1662833687560794,8.380336164263705,0.5753398342397006
8.279866792512646,1110.9899889139235,0.24534910968132095,4.8929561404197655,1.5404297742101816
28.869373677069987,706.7006785704688,0.7190459051842455,3.9712171562317504,1.5140446186391285
56.64046402968972,903.3530582129138,0.6636711653626481,10.36829739324758,1.4766010161489604
73.25720972102503,476.7963656006675,0.031183135061284672,3.622640442998251,0.20022885412861632
59.507793070025485,209.67436422403162,0.49636624720123634,6.968428489168892,1.051385167751211
33.424389081696084,1385.0476063858996,0.1065982531337718,1.7513778173580876,1.3481628953764582
72.81887562036033,935.1122831772755,0.688402396427736,5.348273386037462,1.4581555226566514
24.640203323910683,1463.7723344902838,0.7994158789689793,7.946964708544268,1.549742364662606
27.21451372299627,1089.8811561624425,0.3609738969400268,1.9158207332663415,1.5017318252932925
91.73135754622427,349.1744771435874,0.9502373538208024,5.460057729579558,1.3010664047717033
18.513292883861965,1010.9283644773352,0.8729458358764083,8.322248864095613,1.5498208253669046
80.65611478614497,1201.8707784296726,0.6922765645178525,9.491956515653193,1.4741589666970778
24.966800885918595,925.2021186812574,0.22120944181960223,10.87668007996647,1.4494065020356686
94.40593396866133,190.07245623747144,0.7055751725156885,10.252483174156659,0.9574278878316476
18.057534512733355,1053.4750393952527,0.9154882975880418,1.3394597858579884,1.5520752431261409
69.742026724684,611.4214238427795,0.9243961953765304,10.710582451653679,1.4480224217174513
94.42664891134339,900.3534137686336,0.8620426509893134,9.445493985350703,1.4497298909279617
31.910047324325564,1479.803383443699,0.03700763471549262,6.96269878482053,1.043206711976425
23.000883728770305,322.6251683081231,0.07695320162920916,7.962887758781397,0.8235536022692956
33.98749637680661,1309.6631279439812,0.06535634079894237,4.152903378306103,1.192813857682403
53.949129237533725,1417.4113506978983,0.3187525029320699,7.2589137643700905,1.451950604451541
88.5977748236187,1131.755165300748,0.23295947475363377,1.2440078155653802,1.2466116530156857
87.00988739009298,160.41001507794653,0.8747016726841994,6.28937134027212,1.0157092835781552
93.90676985128962,1430.5785097085518,0.9979341105333375,4.5071181545171015,1.5051125392038902
76.71882889311269,782.2693729752148,0.47987562030390885,7.275054632183701,1.369202392605775
87.36771141863387,1733.2901927685364,0.7682734138645182,5.177667821673338,1.5052811490943028
42.13570022770702,1330.5989389901383,0.23877714576830233,2.1047411313139466,1.4389452078595546
35.462215764077655,594.9054172661932,0.2963081204559901,3.3360775104990994,1.3722704928820948
4.209318963636188,154.86306960919458,0.9877223897360315,5.277731337358624,1.5432842766629165
38.432664715968166,1235.9546595208149,0.21825388786506417,10.499611839502254,1.4292746192879324
78.6345014415552,271.7280391110248,0.41758077578492836,9.791183075621646,0.9647769263895508
94.47320222914102,889.2239862336578,0.6134113892107077,2.6703394609207525,1.399298449111239
99.11686261369765,504.1291260012463,0.9427317741351257,7.496466489923685,1.3651897676506135
60.773679487885914,963.2061052340554,0.2306698117177587,2.7652803200550826,1.303796507522993
22.048620907017536,430.2345049878195,0.7795844735667533,4.501252591667301,1.505153200326622
5.784267656339637,1708.8170719245497,0.8837858849634257,10.27752283195213,1.5669662838956955
99.49078226464353,409.7438856134876,0.39624201890265875,8.582384757040913,1.0210265556225044
69.60206180537922,377.0723955065041,0.8158331249906178,3.2444057183666066,1.348288175255
22.38176148226231,1002.8802552499264,0.5929399348417032,6.8008620783781115,1.5331753879267844
9.148683739775487,1559.1084980667179,0.26560004258870606,2.2951492128280417,1.5487069336896813
88.87480798689772,1686.8429237835412,0.8621276172654506,9.09516074724878,1.5097593939119553
65.52419806390218,1025.5598298579519,0.08698675991141014,5.084532130706987,0.9372928776511033
37.2688517012314,550.0048071214599,0.7234201136885849,5.9587573507877085,1.4774012524359241
8.104621590764793,485.3611895820824,0.6832587636595959,1.7613085949030018,1.546362157635595
85.12069140487687,934.5490258367446,0.480586577326648,6.924077846595176,1.3834949508919372
82.46809659251491,693.8546293897274,0.6780161525590636,6.657319639957911,1.397261264127724
26.70282701694213,1561.0184115292652,0.7974260216069281,7.584518346584255,1.5493480581862662
85.05817290942419,1542.499953066491,0.7083629767150348,9.37013328363672,1.4931072270842523
69.74714616692836,1236.7608371674987,0.6186113782151843,8.527166395576412,1.4798837307950123
15.86051052930737,1564.6790011915286,0.871843527745232,1.2924728303455915,1.5591702295804866
82.58167505647627,336.1891531838979,0.3351188542591419,8.435082562916078,0.9382659222574872
16.07598960483082,1461.91768694619,0.8321341779577419,6.074677337608362,1.5575822691250902
0.638587171683358,594.5772891944578,0.6169269183757422,10.811861780274235,1.5690554104670948
63.18135270166684,550.0861574002837,0.6340057030996114,6.3998537971585545,1.3915787764869767
77.98453951511436,300.4302924314518,0.761027902502028,6.412665786761103,1.2420837582554063
96.29920038589947,684.1557104964542,0.6326218931339481,10.320281055100175,1.3518657981762627
10.250972799067926,1656.7465738668889,0.6878857223008134,1.678370591051719,1.5618017418093189
30.096356694681624,1282.553586349577,0.0673506014687717,6.8217046017627325,1.2355337605768304
34.588305695295674,1140.0087932850602,0.04574203381251285,9.715368061523762,0.9851319640804485
97.3488969177397,1708.4498733871005,0.7496518317429247,2.3008624013063197,1.4949324584155943
75.82631959290225,165.82958572671805,0.022123551528997254,4.236102191495412,0.04832702426813906
48.864319040466576,1384.2229738527353,0.6832953766065052,5.459027063767484,1.519179483634609
27.362666628166586,1754.5943884367189,0.42618130223597295,5.513870243296755,1.5342205443042394
16.362382119166917,1424.086982608606,0.6936822257814886,3.207696127887604,1.5542344392037417
8.238104561584269,1237.3465423924597,0.6545112142811352,3.7325952699820935,1.5606243819672845
95.08635622504103,372.4361349481236,0.4323348010426019,10.436159201675988,1.0373641946274206
41.97273169261223,1168.7776878237266,0.3975943979627943,3.7421520234867005,1.4807183912657975
98.39776479598282,794.3632738375766,0.8940992036791344,3.299546058910862,1.4331309097365028
21.31047040250833,176.52522129803475,0.651666825375885,4.685263437237611,1.3876199547579697
86.4358249839637,898.7127447070076,0.9681934279147217,2.8552551570312117,1.471784174445545
86.86231679556109,1394.3342092599664,0.770921844644052,9.447832281168877,1.4901635594757854
76.10239909429988,1148.6748703658554,0.13124487768238757,1.3252617949125192,1.1033147877324194
92.08478478156869,1133.0410370683283,0.7965372909761763,5.815223515125501,1.4691162473765917
11.730818896239448,330.17074400461416,0.6855652872289714,5.303058948994627,1.5190173276962555
20.052472670033673,928.7464107691969,0.06420893707513409,6.819714019143988,1.2464132228583034
26.899340443509768,1428.5787280536376,0.31036195892357377,5.552201490818012,1.5102012843388155
1.1620539908100636,244.01498358842343,0.3924935564066848,5.799388347171235,1.5586635788819672
60.00205481193037,602.1319137356967,0.6949818861265425,9.601223971892045,1.4283828351153982
77.98509888933498,190.38613568588477,0.48050694725782894,2.0493017841817487,0.8648590194557618
24.204501586252746,1737.5035225251509,0.14249554290151323,5.988881534513561,1.473344168146111
61.81557343181191,1273.230277393666,0.5596486834869141,1.0977084741918366,1.4842616926112484
32.64613082439919,971.412035821952,0.08786649914483335,4.506269312091808,1.2054860686737432
3.3203108791366565,254.03175342760832,0.39692327620159606,2.3271575404306035,1.537878242418456
56.75408482615582,1251.9931087571483,0.8005866991090829,3.0015024424481007,1.514234497364386
16.748258225906977,296.48867682166895,0.6364302495436367,8.064757264869012,1.48226946208312
3.1586144825642037,1655.0864139435782,0.05197128365147241,6.412963353010705,1.534091946969247
70.90605194509165,1548.5034104889976,0.7140869321324278,9.017280830697919,1.5067600779459047
33.94501925428061,1456.784973622977,0.08011484638467514,9.948166560605276,1.2877557695198663
54.75923761537362,1460.8243744965268,0.45231828451830014,7.4357769519652495,1.4881118459472638
52.640266093611324,1320.8089649782985,0.08162998203058958,1.603520839905638,1.1166037040525267
24.710323401014644,386.3003915243132,0.8717835665922017,3.192139873580443,1.4975529983773657
97.58652558191314,676.0261652593732,0.18211791568869928,8.89698507142479,0.9005612563706511
65.87077755008761,939.530267630316,0.5553635509376312,8.192017782722639,1.4452183748369547
22.845474133129873,1753.302867970821,0.9747931621467831,7.503256863469369,1.5574302203910908
19.954245092914512,1236.9037317205414,0.07219840897917584,1.3065250220580606,1.3509604172819798
25.76828885112137,881.4176049261886,0.8682725054083805,8.27169069766308,1.5371386721449873
74.2706521199981,820.7616076434109,0.3459349925469629,4.710387629846027,1.3149479988860202
98.76495637360578,191.18721150669023,0.8670314961224486,6.786754085723934,1.0334599681494625
43.86154191895905,1310.465057861947,0.48666894142470285,9.734232380816605,1.5021303580481744
90.07018640112585,814.5988963235692,0.2768277972350516,6.923503285933622,1.1907915714619162
91.2363345616691,469.80739453565195,0.6229665835634828,7.3156022009252055,1.268609795248377
73.3113022415281,340.59638412731124,0.7158249646820886,10.09032520665641,1.2787030733074325
17.968310887024195,513.7211756784683,0.9713950940416396,2.8097695270948977,1.5348050791533043
85.4385093369579,929.8626847614717,0.24723107440317704,9.707499012725114,1.214967482759269
44.53052550026655,966.6838430075383,0.3592333693997657,6.9295085143492745,1.4432601979726234
16.352387258502276,764.5455250434767,0.9694123223352875,3.5813343270112754,1.5487366555271633
65.67366645412922,656.9033588737128,0.7734731256866006,2.3087366071834983,1.4422546658996604
96.98210450785447,866.9870886766874,0.23605046334646396,1.7349674733001266,1.1282558372613583
16.975790508754073,974.7810756652826,0.3370031764312863,9.288833658826094,1.5191662305564186
43.08875236618059,531.97035057779,0.61714498660403,8.067772168854457,1.4402951806657909
16.704190790094987,399.4911813593575,0.03667142693354297,8.364020150656405,0.7199628751238336
66.38045276218051,901.0340798032944,0.8441704489691971,9.056701529500533,1.4837460847933188
58.535436439675216,1544.0961377589888,0.20584121003676825,2.1191961939772788,1.3886697855803731
26.974961151698963,218.92240295109093,0.531169528001032,10.366056922949614,1.3428540268204396
3.9343540668509647,325.1459027114701,0.4521990282834353,10.33875017527905,1.544043924590365
31.61561049767505,954.2967834262402,0.0415728590503921,2.4834320096208886,0.8979383753569448
98.66301229588468,1702.3088055577236,0.004939980934409616,10.51811785423239,0.0850272235837899
63.91199378155004,1543.5194898933394,0.4547398556338591,6.155960285792503,1.479991001621997
48.88465802569202,1215.0719494167874,0.1396512547563129,1.2997358987267795,1.2903021352219939
30.79299415911909,1276.8500579601323,0.20185345212294836,7.734324333249173,1.4518852597376235
96.99120461072704,279.0625615668389,0.6726021182251263,5.437502193045711,1.0938447099520991
86.81422543775054,415.0605942422925,0.6926259522261645,9.381152896481103,1.2775222013282013
94.46142194740233,1241.836938995912,0.4971747640084273,7.178472402012138,1.4189773154217353
86.89049844787182,1057.8278679593775,0.03038705969683686,10.309486955069778,0.3543262914438086
68.95267510315611,1230.8350372063285,0.21567515239771717,7.5888547023265716,1.316664820000787
39.386440565415846,1189.536249097052,0.10659303030799072,7.5784530460303605,1.2696178023606093
99.94137257706666,204.4242514350241,0.9771741842213173,5.069079607228706,1.106897225901832
87.07534503372591,1403.79068041983,0.5670162609866678,8.384492092513266,1.461834628916219
87.8515561301348,785.8787242131084,0.3270331615632387,7.675933855635847,1.241423832153756
80.78459419412586,1370.9541834081508,0.7978136488586345,5.35583314812933,1.4970710617624023
81.78342161750216,322.04060647217324,0.5444890979608495,1.0575866049812157,1.1343756576607567
32.45858299002703,724.3255963467078,0.3961726916092554,7.954672066898622,1.45816234231422
38.85581012703457,858.662252186229,0.23754413087432746,4.732517916293401,1.3825540312906108
22.726962726315147,245.23862986309547,0.6034485933813779,7.682127985550163,1.4184142175465941
61.94903460096145,882.8406372965737,0.3797857801792298,9.633336495718252,1.3880942727617311
51.908178513621806,908.4687247209532,0.025642065806435688,4.412478276261563,0.4218294974247259
38.019561878585705,777.1918397895679,0.5801723692273323,6.336025467268785,1.4866769649085385
60.79050927934446,1375.198556507158,0.8129857387160935,8.181230762264944,1.5164762926668856
95.55236959549347,155.44896699544535,0.1957779856835461,1.0756287497814212,0.30828538941476535
64.7474714154603,1592.7117172894455,0.24348229657629927,10.270345447963066,1.4053600581851575
6.026739028956085,1652.184731815748,0.3516226872396344,2.014208284492165,1.5604226780488315
48.58717591863256,545.1411431012616,0.28487290196192283,4.072899649262865,1.267575137804449
80.30258978326634,1006.4527612131899,0.31130769915600365,7.103337833109183,1.3198982704434448
71.61506742231936,571.0299562498902,0.4135491015253515,2.2188609333694753,1.2763483575852252
18.11493495346803,1238.357026191114,0.18143834769562694,6.251633836670601,1.4903467583006642
70.90462617224327,300.26085948861055,0.5673122196289035,3.5656278370136376,1.176358782037309
96.29268752375798,915.597500877125,0.8059925497751581,6.502265421562617,1.441045242485746
4.341253285481916,1159.9976354353469,0.951403342206657,7.016118201463312,1.566862718087165
81.91888594267903,1570.1283014898163,0.22807977194893247,3.1204483990822665,1.345914823902816
61.09809888509917,797.1313971473105,0.8398613028667203,10.000231233980111,1.479786369809377
35.34213793027181,512.6221262650809,0.7805255152438618,3.748060355481361,1.4826948385973022
82.26143185136785,817.894458191711,0.6675498992914705,1.9553531383466818,1.4212549274408173
62.3859324676573,863.6841168816919,0.5866084631754741,2.680142077448634,1.4482774257667836
73.68737449441821,1535.1533255248376,0.21673980009077565,1.9571455552016173,1.3528500616954626
2.3638586046336396,1174.4064399390138,0.6070940360887808,6.4669741271407,1.5674808530449527
23.194709611597542,764.2587567336943,0.594476335186173,5.967668588591694,1.519788446485593
98.77855202148874,348.55553077430955,0.6951445540475938,5.043187681042921,1.1836891243902894
42.819961492561475,1297.9516379321635,0.6924361513243696,10.912559937021882,1.5231883444874912
12.839428945412523,295.7401631736069,0.7243388171287412,6.783869170064091,1.5109309941354572
27.416066655980586,255.40542535123114,0.08565824959643054,9.941908746641182,0.6735016690533827
19.18673247187429,653.9326025830189,0.22665640222698802,4.549963058319373,1.4420625224199526
6.942384274609337,973.6144076070553,0.0676125635922149,9.003565078223616,1.4657229684134514
23.3712081910433,1007.842387305286,0.8800790875614583,7.5087736904719415,1.5444532540724245
53.29577865513353,655.5044649147959,0.33300191305819793,7.694869551981901,1.3313236011735698
99.41393612211675,1206.8628572216783,0.5577834173700249,8.30650510239246,1.4241753876947003
46.52056122837182,223.91393181943153,0.5622968158779098,10.576252845053801,1.2168673365150433
17.530294235765965,1252.8751400340716,0.20093368865905648,6.3582768447308124,1.5012733482263048
9.667644964671961,861.4023590079089,0.7561633288952461,4.475715242389821,1.5559551851584263
66.4911724487218,1425.133177763549,0.9271778194794527,3.3464208185545354,1.5205181628908477
39.931591580930814,374.6548005830991,0.9924835021583752,10.270009679242953,1.463816693272662
53.99571302805596,1501.2330242228995,0.5209579772720422,7.2358568800275975,1.5018644820120026
8.912443211601662,1359.4947484869435,0.12771348363523483,9.260676302525283,1.5195099898150444
78.20280876703859,1283.4890167076194,0.036160380524762115,4.031283559453286,0.5356064361881125
26.311256991084285,713.992689985019,0.08764274676383854,10.369578230310628,1.1727707100909688
55.38022407123763,624.7768296688846,0.3969815170742834,5.472025405048356,1.3511146142887722
60.05943333606173,968.092151006119,0.9193919732144173,5.969634829058302,1.5034201994630931
99.21580148233127,1516.575510157788,0.2085105143573358,10.305952146439163,1.2667696538792974
11.636639788547608,1461.0725855586154,0.3806232934765801,9.779743204450694,1.5498746196776787
86.80566901074504,1442.246150646077,0.7900304363070614,4.046791390980408,1.49475900210002
8.091928305125219,783.9834821020768,0.17352451498650867,7.9495108890246176,1.5113844353967025
34.609972653778556,1719.4480228337527,0.640972077345332,9.224805636343609,1.5394035004106563
13.252467274184843,1533.8748558373452,0.9227571905133943,5.870619188189359,1.5614335058618583
60.625293775097745,1375.0785491369595,0.17483862726041255,6.0256607646344245,1.3237786703104546
39.86630277723131,364.78438453942823,0.36753442229153144,1.6817230938549357,1.281766808548678
2.5811906949486985,346.47516507491986,0.9631151115891738,6.49529535895017,1.5630613021784414
96.582216115322,832.2044279162515,0.3118161330852596,6.061418628402441,1.2144883342314339
43.95116886329101,298.28051197029316,0.6408263146902062,3.160381825095996,1.344788396988075
61.95879548978296,1187.8505332653222,0.1520248531286481,1.6134962711066816,1.2402766482950471
78.07615860684398,876.8066355278,0.05816379550547579,10.948663171697671,0.5786120742892724
5.778056099636664,1261.09284200702,0.9836789252634136,3.391801042159256,1.5661385543457198
14.224936868719617,323.96156379548296,0.30327514756759555,2.010458110106467,1.4270094214651392
69.2161341694132,227.42534294342948,0.5094221281497897,10.966968538529768,1.0322634526142989
81.39702695060188,1130.703517239527,0.30625362078661167,7.238958362916385,1.339927513012219
52.70414639116516,821.7255290398605,0.13071037674019947,9.866042152404667,1.1146232993531737
44.97846488213225,443.604525890432,0.3677593508772896,5.1412975252892705,1.3017739390909817
82.75378955668742,1324.1168313841458,0.7693048936413398,1.1103126442864721,1.4897355631496092
41.615399817976154,912.0010764690826,0.019192276823056686,3.598132087450342,0.39813046490013815
76.0289823122135,349.64998515571426,0.5353101314525917,3.152018720172375,1.184954659295146
1.2120774643893273,519.6972043031238,0.9758737549100538,9.015371118829895,1.5684063938623065
95.95766443210334,922.6358199636206,0.1097361986775035,6.47959488973693,0.8122102328838686
45.43773345599609,1505.0292303770607,0.09808258078424459,5.882411370217782,1.272191537737646
15.004866469398426,656.0634496355317,0.7373570773877997,5.7601812936876655,1.5397886336967146
37.58882851457693,770.0912711045448,0.45944676840598664,8.850165438370569,1.4649549202602659
89.20846889402344,1686.3253712205212,0.7869033862552951,4.154068957480128,1.5036703895403585
68.81347060865421,840.54450119818,0.2546706220460512,9.408715794259226,1.259764718730191
3.8426348962324997,1598.8075080287463,0.46147746462473416,7.3720147680828045,1.5655882357380835
65.93539222057827,1587.9532716603967,0.6366696821672073,7.139335847600618,1.5056706668748954
6.665204056068996,972.5496594622277,0.15016900081704165,8.374337687214856,1.5251904829099867
51.22219208126745,1236.9029749864962,0.041672900602384266,1.8479201604580322,0.7885383135028476
71.63233880626822,243.42270875800358,0.0712567277652586,1.1210847523488745,0.23752507210918586
95.65013982994802,1330.4781450430796,0.35325140850206416,3.9653558128765525,1.3700242842943162
34.97032297458495,1391.159544314412,0.6613706110704144,2.8519556786746794,1.532806358624593
17.410933533408436,286.40561229168964,0.6603027197013381,8.64372662221736,1.4789893226403499
26.5046428325004,159.8799847099006,0.08217166747642735,10.678600348450304,0.4601613452812986
29.544477747742025,1382.2883170577295,0.6246635688542638,4.819396396528959,1.5365934858868668
20.56872621955551,323.9639795018801,0.6150129680388666,8.74633780637788,1.4679256920083792
64.39042535411306,991.9802148628384,0.041951223431636264,10.684887775943839,0.573760536446422
79.87141916545745,604.0260369842465,0.9799703293588506,7.018815896363221,1.4366719319978996
58.24226582072465,1347.7371326621478,0.8117697880901376,7.564786073315027,1.517611167809049
12.809574636620003,678.2670362694296,0.9280836403260497,3.2461561184385195,1.5504499417600321
37.21670238375133,831.5166779901925,0.4394049896944522,7.129395824945255,1.4692867865970727
94.30758377447076,518.866102881705,0.12150137630091806,2.974704898599373,0.5892537433332572
88.69249002092695,1180.6784485597454,0.28590678923916013,9.159469389686173,1.313860839969898
86.1369996363436,1508.5533844892475,0.9189265336395545,3.522410201733616,1.5087393915297704
75.50419287462783,878.0140068322667,0.8419985528900615,8.284906771616132,1.4690180407708904
77.64474464997247,1197.5881747325045,0.17742876946970687,6.450269188969383,1.2204594507360316
98.46697395245081,1657.0072670440381,0.04317373579701167,2.6481481572943713,0.6283087056490384
13.172877345456191,1311.6449451126553,0.8177853298569451,3.1351136631067194,1.5585161870346922
50.5852692951829,1499.0598636019454,0.7328015447662506,6.422372054918483,1.5247799878461987
59.03476904587729,956.1358211184704,0.2975484513188206,6.650219928590161,1.366193910622988
68.88853020500906,1552.3486316171554,0.6362913539792481,8.61121537043158,1.5011659100719164
16.0071634954573,879.6770029838606,0.009331619827093296,3.46678864521623,0.4738355902555203
72.64617151130048,1745.912391740125,0.0991780995872159,5.0149431586128825,1.1735582609133846
80.00709686991596,458.9820685703452,0.5550849493022862,8.330712960296747,1.2665164445679666
61.5985450260179,432.82621112329184,0.3553845686857394,8.837917844853973,1.1898935164295763
55.42265141320166,134.20695019710647,0.7609907600280938,1.3531135494023907,1.073578368508629
74.57337827312321,456.4416551047168,0.9580734801193802,4.679407513020845,1.4018913304344514
32.69316163380791,368.89142081208377,0.3056042154902149,9.766507618282006,1.288537612978506
99.63343376272474,727.3445340930504,0.44861063095454257,8.220709382027371,1.2744400389851969
88.61957804650746,1094.4776423814023,0.39152569817782934,5.126218408486237,1.3668653858268751
69.56181464968068,130.92115225778073,0.6195893374598407,4.5549301044135735,0.8619278005545692
79.41973312770843,277.57583582249424,0.5882022669483905,5.809728898861238,1.118062290566391
64.23255259052274,231.61036565661587,0.5799837874281313,6.614845879595237,1.1247637305195304
56.06600944161709,1111.5381644975555,0.6764679372263622,9.049889996807698,1.4963702405305201
26.982072012821433,1473.4876723961345,0.4982556822634536,1.7705827913433116,1.5340612172124126
5.85509292439792,671.684842356741,0.7848969771114676,8.076809347409156,1.559690832716598
78.86149646724064,970.6890133196594,0.44019899795549056,2.4745252670628393,1.3882905709721478
32.81927536093116,834.6899733331151,0.08860042967961723,3.2061195271121123,1.1531249034225894
59.82252940637388,1327.463700453222,0.9983475113929496,10.331133313435577,1.5256870683263029
64.25651995351916,813.826396718774,0.6361773647082327,8.85651618080232,1.447317579008322
11.833619092338733,795.2958850165965,0.8398022856356172,4.83832951933044,1.5530802918498872
57.18722712271865,1085.8602973103136,0.18447625313363936,4.622354416522883,1.2927075960484893
33.451128874193216,168.459387421327,0.024191763891355245,9.316970436757735,0.12121315994709016
27.30708099728124,972.0117780618893,0.29872557358877305,10.406792451153406,1.4770280286898065
25.929675886577375,827.5631831056226,0.8727302504846018,9.419335667918087,1.5349099605092862
18.610141784627732,1436.8844354073358,0.45818688673789265,5.829688720853552,1.5425364911819182
13.347997241594378,257.3366103571434,0.7279393069737652,5.964611523552998,1.4996606522066764
43.68507026151796,1317.4089059147814,0.7655128989911097,2.5890816766935356,1.5275062213178248
61.02251494776413,346.7819492124137,0.7513750860290457,7.569551562671395,1.3407474529748034
95.6614621083458,238.31546489114965,0.05705472115125432,3.8218707469320012,0.14117988253880565
