feature_0,feature_1,feature_2,feature_3,feature_4,feature_5,feature_6,feature_7,feature_8,feature_9,feature_10,feature_11,feature_12,feature_13,feature_14
0.05091914844504538,-0.07442877076779175,-0.02545941803310259,0.02846596992452206,-0.022366188966471644,-0.006951277098915726,0.09203180701068234,0.031248333330273,0.014705830710975077,-0.040631232038676406,-0.03522455091480508,0.01933878865661254,-0.02475910146400354,0.06901186181836538,-0.008866506038334221
0.019464418429035374,-0.01022364766764504,-0.0056738318452309346,-0.014631419463574604,0.031601573627277904,-0.01737780790601664,0.017675002707582013,0.021215132260686383,0.04342271268078938,0.019630410900311583,0.04106513208089099,0.08651443630107714,0.050213366970236206,-0.0010604436725224467,-0.030732556037625397
-0.004901524652948919,0.11771415962054683,0.003077777766533753,0.028268246422988138,0.016793116826869004,-0.006088294626051097,0.017924553712911455,-0.015286876358805204,0.0089097079876284,-0.006117714093036126,0.07295249897204847,0.11316979081849855,-0.04251724752069506,-0.05196605347286109,-0.04377016467699639
-0.007652899843951162,-0.036774353935189304,0.017401263148130758,0.05752134313138504,0.05546561813358274,-0.01581203688768482,-0.003808815734472128,0.020635158833642555,-0.003415123506924208,-0.004629909889254355,-0.02181888396855181,-0.03643211363039095,-0.000208252834949043,-0.0338957007642688,-0.056938893792867984
0.056274387920916526,-0.01274120682089985,0.054992551944194855,0.009570706087864707,0.06842831919387381,-0.023320613074816178,-0.03327471301344173,0.01652759046927091,0.018148236008447102,-0.07976827077057143,-0.008213497624257896,0.01917824867051566,0.056921118110061224,-0.0766376745717212,0.025593029721051964
-0.03935762155661983,-0.008756525142901563,0.041965217763328316,0.029563911534207274,0.03214777411690055,0.009466546689789457,-0.031051696270014084,0.040434441712433974,-0.03495986000645285,-0.03643421992864704,0.024567433812588992,0.022964938304552405,0.023488466157305623,0.011381888971987466,0.023596995539639263
0.01720903327426501,-0.013244151416163858,-0.011980019675246291,0.01977130053331374,-0.0789917265389865,-0.005309958899397581,0.044552081935769296,-0.03081918378764093,-0.02346128568844197,0.030191784065917878,-0.06280317743620713,0.03414483357437527,-0.007416611466982392,0.05687397605616037,-0.011643258929999695
-0.037874046291396485,0.048791867266167105,0.0540080020136589,0.00372972607436026,-0.0015538176973980105,-0.06338473031448588,-0.0052639875225574595,0.01792244225584982,-0.017062691127780267,0.008949331765517298,-0.00542643538028899,0.03194687945510236,-0.01742621320634307,-0.02290395187693595,-0.012193811927440358
-0.021343449075707063,0.03655536480523557,-0.004130647296739611,0.002524734958192975,-0.07542470839882956,-0.01527104493217603,0.05323711950143608,-0.011834175575772604,-0.035705860494788154,-0.018683120750183736,0.006667384286644512,0.018259021366613764,-0.012340358243279167,0.08153900637846798,0.04227138603737279
0.05826642152226118,-0.019706771610573624,0.012798694927688673,-0.009567065945063371,0.01887329826921291,0.1013556476112801,0.01412497778991234,0.0002803893183898902,0.03424501001765286,0.02151900389249396,0.07423778475008518,-0.023050120446238512,0.04243807276293008,-0.008021620312134124,-0.03628455553778175
-0.010427603017073591,-0.014404701956594266,-0.001053875622468365,0.03507231594623803,0.06522338853904093,-0.015764516037293792,0.015347508459060686,0.005706474055371149,0.029784165551345193,-0.048752132609426034,0.05094425758987437,-0.05817358406684732,0.023357664664114507,-0.09007831680086803,-0.02842910849858033
-0.003604217635257419,0.038489616484040146,0.0010920860244592197,-0.04178587066368027,0.019445818218263765,0.04438813739708892,-0.015096180072282084,-0.03417600322374653,0.029452598734845493,0.044915632349278256,0.07253975850269427,0.03758111073096484,-0.00026756612071406635,-0.061188685361296104,-0.11161597313340804
0.029879107222108663,-0.027285104354202283,-0.008406373040520892,-0.027507115350585237,0.031183831682177348,0.021310603369712116,-0.004983491660088162,-0.02858044878481541,0.029128753551159854,0.009662363804716152,-0.004843454826821419,-0.05099831349678569,0.01690683809869827,0.020710153273032317,-0.07294950270303766
0.059747794485252165,0.05336157471237871,0.016986202366358616,-0.03594083306219038,0.02337946866181077,-0.015097568083697659,0.039832681316795085,-0.006635471140942403,-0.03201131600191065,-0.06609073649002006,0.0876442059822145,0.03431823835740216,-0.021189299275771983,-0.12365105539684039,0.008663073285850968
-0.0032802052371968217,-0.06654413340106585,-0.021704789615749585,-0.031175333663503186,0.0327955788921009,0.019942474676976196,-0.035354399951423685,0.008356493116021768,-0.030124831404678934,-0.002321115060260667,-0.006150459094199101,0.011768929352207904,0.011297826176668498,0.029214203520922216,-0.03921214917336931
-0.02373843185638647,0.015722596433437524,0.0019354831746857671,-0.030689161281321202,-0.022672858524962997,0.010917416097545632,0.03474661534751099,-0.005313618549651381,-0.003083065373259604,-0.03708444527917877,0.07318313725284618,0.05941742488444953,-0.01414203105023998,0.009649238774750395,-0.029536565583634364
-0.006645586522723028,0.056157980062827746,-0.0058143882867074245,-0.020113412553783794,-0.008270872127122296,0.012006907859954074,0.042792731094995685,-0.05221852147447326,0.022632618280794572,-0.0010360855217236547,0.02020619575298193,0.02042616716018067,-0.04169520756653398,-0.07845535279659063,-0.01847468394776219
-0.025043081688181684,-0.01014722718812707,0.02097880758588933,-0.016207026427356996,0.026085241252375213,0.0037624739187723816,-0.027406236145266598,0.01965270196533886,0.02854830636418986,-0.05980577012184625,-0.051084748356671664,0.02837764171847034,0.058360531116846526,0.02113453171628171,-0.004285402967735611
0.030076574589624816,0.06910397038912235,0.07822907613511941,0.030614198746136023,0.02437181512735471,-0.007674488226956779,0.02702184281594872,0.07592287674252163,-0.05555614141202828,-0.025769310936248353,0.022536361004548453,0.08116108691412685,0.02489560442416054,-0.06460151662374874,0.021452484426639835
-0.018965296777415083,-0.04412444118527584,-0.025015748400534676,-0.010552717372217196,-0.007599429731020559,0.00883645440417734,0.05776330681819923,-0.026032376310869357,0.03334508298759493,0.039929139106963794,0.026757147777999254,-0.04141014060536054,-0.04576111957150304,0.021855492394420046,0.004308659719153331
0.0027676330005278506,0.012910635695532973,-0.016712441026246635,0.010614051657162313,0.014493075795033623,-0.07513454572105047,0.012774987029502001,0.02490985801761439,-0.0738049181287425,0.005723102062490332,-0.023814441240090415,-0.028656895567589748,-0.053705293040528936,-0.06064662127470333,0.013465838571025514
-0.03409690949637533,0.03963260993630806,0.06511525598992768,0.03249548830829279,-0.01227865093247005,-0.018324169462055884,0.041004723480047967,-0.01663468052636392,0.019370061890316054,-0.033554830510901655,-0.0166787588391179,0.11540524583693,0.011863668487344745,-0.06344020603950348,0.021686065642995807
0.020838975654541486,0.03395711567577175,-0.0044529909404051006,-0.0009815442484321325,-0.056454609002878256,0.008297894794732835,-0.007058343627780343,0.005498060999873458,0.0423283797587888,-0.0017145763549466441,-0.025777104454691717,0.06348766415721521,-0.03418413980778433,-0.012361033962210194,0.030896704997492648
0.010988254665068036,0.061564798925783246,-0.014133997632886312,0.04730679177564093,-0.10953915485910413,-0.010220255884865914,-0.0029441580527741996,0.013186485646771128,0.012776684078480927,-0.019424627945681977,-0.002356240757926622,-0.01265648520713819,-0.04536028938643842,0.06437916320689645,-0.005540755213532745
-0.05764100874953146,-0.002429705822729934,0.015821470138405652,0.060791618713458034,0.031402534060283274,0.03617480263754802,-0.01581141105775231,-0.018291795703505816,-0.018358163561700343,0.005095489854624599,0.0033915072409073928,-0.06930523735929095,0.01245275295164011,-0.022737219626027223,0.0042602005399151885
0.01115387053218211,-0.026963563347468453,-0.011098774898494656,0.010503464924254035,0.027552830971062994,0.021252617137164656,-0.040904464610876046,0.018930192216581036,0.00035987426237762087,0.02091252190677352,-0.0004867007193929225,-0.03333714381221629,-0.013336809925015234,-0.03700923186509378,-0.025979980264868446
-0.045090179440954885,-0.025960111535037113,-0.032974219803957566,-0.03364469815757652,-0.07190435945872412,0.005455690624081274,0.01893574289683946,-0.019538864452926442,0.00829047635448774,0.06649276687145532,-0.012681436608787535,0.005560008554158406,0.028678592407870976,0.061022048869120736,-0.014572125178081098
0.0050971398624422804,0.0019110219977122656,-0.004106896720623485,0.03905197279678101,-0.05812313026481846,-0.03058086931896233,0.0767628262675446,-0.02219721939865614,0.06098190035563677,0.0424269777336132,0.00594163660445824,0.01737256163467895,-0.024893093380742855,0.04487504674559245,-0.027710988975460597
-0.014501342428819505,0.0005626311640426127,0.04037767459491652,0.019980671086347504,0.009198223803436911,-0.020887021874421235,0.033112140312719696,0.002118870620237502,-0.015435227046244627,-0.016171954650622506,-0.015668811892195485,0.032017765690247564,0.013895962749839529,0.016906470834341544,0.008672389601263068
-0.0028010701576341836,-0.012387546509072223,-0.0490564238221273,-0.016304512769830273,0.015764567309528788,-0.0008688419508703971,0.06612862997440623,0.008788783002525878,-0.008725037758492938,-0.01813522660966385,-0.001471379266806099,-0.012303345570379948,-0.03726728868342675,0.059135104503595215,0.05510470711325625
-0.009661699948573282,-0.06233061808785862,0.0020645608566684775,-0.011818004832803078,-0.06368671129738093,-0.011137773310921624,0.06344944081891302,0.044347553176500014,0.016788133155923354,-0.018207100592569993,-0.031050383371008874,0.01920147596496591,0.017597417758573243,0.05706906150443839,0.001810483582481318
-0.01804753183720741,-0.024286330001264768,-0.06658288209945973,-0.00665833848835055,-0.09813524988573583,-0.027937941846656083,0.015461091314091416,0.012970846927709582,0.02251429419711046,0.015754575172444732,-0.04163017473508581,0.027894942208947945,-0.02365690542656452,0.056962541661271966,-0.03429233323601024
0.023917831777441754,0.03623844072900857,-0.034250870333741454,-0.019081134830656873,0.011791285625726023,-0.021561531009318517,0.03458710595574872,-0.06653747103916,0.017767493396227817,-0.014313297756588335,0.04849184086261922,0.014582663358689447,0.00947284741371696,-0.07079404453609874,-0.009009344947718588
-0.028075635232948492,0.04909048955393837,0.039998419937601726,0.0035988297958349995,-0.0033864147393395105,-0.07042817120948971,0.01863209127049924,0.0002638837211789927,-0.0783923914160003,-0.05537095388992274,-0.033074543370300045,0.027738499671397212,0.020373484708883803,-0.039386227413116814,-0.030607268314856176
0.007150394246598907,0.030124143896166744,0.02593344682357865,-0.0188623033059476,-0.01937174701965234,-0.009651239286557789,-0.002121375882881211,0.0022025879769243125,-0.020908924925856522,-0.03447218120204547,0.04034529764699764,0.05221466728130497,-0.011528967017363417,-0.027519345831711436,-0.05354888398431036
-0.011278339805896676,-0.033610723927237414,-0.02665528858773251,0.0005840451157424628,0.04237122721590143,0.0999657855415563,-0.02932434652431645,0.0005304598139001369,-0.00344854866493656,0.0426486575828223,0.0015135516961251583,-0.031821523824918214,-0.036437648478239146,0.004938301960225173,-0.00031395577282287084
-0.004250703414078301,-0.0023602537443851816,0.024187894176339632,0.0016308684242680638,-0.004672847335641477,-0.00305076978944517,0.00015586620147260352,-0.08770393825212809,-0.023129885507623724,0.00142814705760027,-0.019952774941547614,0.06562704770322313,0.03140388816832619,0.07242501063979473,0.03304431806804422
-0.025287138570565967,-0.012378851343727024,-0.018852982905912034,0.007510808870812246,0.028216489000023732,0.04545985666254805,0.04488164891766028,0.031035333935907506,0.023548030806949678,0.008529647917963503,-0.06016683687889426,-0.06960542886106792,-0.00478306753544212,-0.004041362332848421,0.014808813173399871
-0.005346886015699966,0.03837059352756924,-0.0058052538141355374,-0.039810573691764356,-0.033501487630295985,0.019018512868251986,0.022002259079234743,0.022649583435628937,0.03339734009738596,0.022759620306407703,0.048092217472992665,0.07886137156427524,0.05044898928697037,0.06762750530211806,-0.003651524635357135
0.050508446410288885,-0.0604077253473802,0.012437615115266244,-0.013090581892183154,-0.0469077149570905,0.04293385881874202,-0.01795102933959366,0.018154228542722008,0.00958612395040632,0.05327291667080821,-0.0432152173258681,-0.0688783091078518,0.08254549520388145,0.0730914796262929,0.0242964045060738
0.06806671707522455,-0.048611860051735324,0.08458245766696072,0.003606446222629271,0.025475795791639513,0.02981924444687066,0.03663615582416716,-0.05086208016205419,0.043252304705646304,-0.028843594541238686,-0.0037343324539508174,0.00478550813274023,0.07610630830189886,0.040729112452625144,0.034094611495674464
0.027825650582488738,0.02261725542252524,0.016879107404834073,-0.006031187090263199,0.038687534686188844,0.020246722157110215,0.03615545597834015,-0.034892959784565816,0.026345564933695383,-0.02783300809041203,0.0646785910923226,0.013424029391699448,0.03282563600814296,-0.02335043117035175,0.024767068474633572
0.004822563384466195,-0.031204370137523595,0.028049631003802304,-0.014550234662644214,-0.019864152508208617,-0.008627685567706368,-0.0055100907966354525,0.008705331222827307,-0.015351952611860594,-0.024083410192249737,-0.020946748897943818,0.013870290989509112,0.07737389618763334,-0.018419007500397554,0.07931098761240998
-0.03820074106831399,0.0011211419662281803,0.015101963129878661,0.00819402263951976,-0.020403706309033265,0.012754058485388886,-0.031058206418351615,-0.008587820173382625,-0.038527999298519876,0.0017244213273562663,-0.04490748724657839,-0.03893226936554362,-0.02978371048380225,0.024760443911360983,-0.00716887574258984
0.005199847339633661,-0.10377169517784075,0.03127817693152566,0.021913288679340878,0.0347838325037312,0.021156421571053623,-0.06620686832756342,-0.008833448430878849,-0.053188974044026935,-0.01784182269668321,-0.01936619798165624,-0.06089699385565646,0.05200936924548602,-0.017901227988420598,0.053733959179449974
-0.001986780578725917,0.07855518289376191,0.025184808616443916,-0.02115163091851505,-0.05683586004693424,-0.06310689975833193,0.008197897900570609,-0.027511463262155682,0.03746135571283478,-0.029784228652076538,-0.046063823089947414,0.13330553401068646,0.061541433975065396,0.06543016408565494,0.03382281464283961
-0.022260176193627117,0.044464228189019565,0.025600963913046174,-0.046920770956412394,-0.08562879402983141,-0.03890500669604194,0.02514652867475644,0.01772647921610319,-0.020827016914566752,0.03952688473390919,-0.045357597119285734,0.034685086093129106,-0.041621725506226705,-0.0035838555638905076,-0.04214098872741741
-0.0329730853220094,0.06554148823709875,-0.006943287448445243,0.05036324823470778,0.040630753307874586,0.01915862018025504,0.004132889800320448,-0.03505353447468993,0.01137991052598717,0.02281625105314213,0.0858763480504055,-0.034531556558264405,-0.008271281400474593,-0.10327420123013525,0.03003087766500119
-0.02211306861643116,0.024457775674880795,0.02534072028087449,-0.03858652411384375,0.05974245340900213,-0.028159943721976503,0.035248062789819914,-0.0038487907805094157,0.03806557140243451,0.005760875000374797,0.010147663817511315,-0.016965303209660762,-0.0013037052251311783,0.013371868176840659,-0.012072040404327515
0.024273774643924873,0.0015584420108646598,-0.07081192161059466,-0.007714158246085018,0.022135634793720164,0.009250087308763394,-0.030176254704852915,-0.020351624116021122,0.016646154097471916,0.02964761897284135,-0.0207629731870767,-0.014141999465169478,0.03353763569506807,0.048726556366381235,0.04137674201262599
0.06993619907552662,0.0330719275469322,0.05880914177847085,-0.03795292333415984,0.011255524525753145,-0.060820887278208745,0.01706934957338579,-0.0008470772935429472,-0.0015299499930393665,-0.007812775794883191,-0.056735145807481194,0.08286756646826879,-0.008549758848122074,0.07027398156662779,-0.01297154144860718
0.0007389341763687997,-0.014382437228176519,-0.03353369363479423,0.0008926745302913171,-0.0003088464285610154,-0.004409506604265369,0.021646025474614687,0.009032673098862585,0.021417106895045158,-0.019273104493794626,-0.03682285844829118,-0.0048048422983030335,-0.00279761401348075,0.1019327622819718,-0.026799826268845164
-0.01769519830216762,0.08919127242583277,0.0910516997601254,0.0015161406370556758,0.05516973073134267,-0.046625876745027064,0.008340885605821866,0.016705032166797962,-0.016844665803135924,0.0017664792865972915,0.07431736136394348,-0.05043436636023546,-0.041175985764633896,-0.16669241294197062,-0.07624319904126421
-0.008088215788257058,0.013307487224157644,0.012149726298455699,0.060496420244575674,0.03840244457029177,-0.04932453453072912,-0.0319198998716899,0.058682052440275634,-0.05035397293505168,-0.004518485080951284,-0.07154863626858514,-0.0617703968823267,-0.022845273906754015,-0.025163032450322212,-0.026301257399684908
0.04700426660465265,0.06654474289432855,0.005149258267367112,-0.006299737699551231,0.03261460074504536,-0.018633897431319497,0.05159128993469052,-0.025068368036284736,0.10541960919802003,-0.037917973176652874,0.05007758061706803,0.08733620885240452,0.0503059704170123,-0.035485210134779975,-0.021223758641449306
0.0015407589189293906,0.053311789140457116,0.09012269163218753,0.0404860303852366,0.039185592937277566,0.0017871730405903334,-0.040983760182786176,-0.004658407719271584,0.0011097466965644689,-0.009092710037719737,0.06669545475267882,-0.03167005123448153,-0.0010899228476278118,-0.09796261755005535,-0.01053468537383938
0.01224088406424845,-0.02140255672322973,0.013069340458897908,-0.011149624073550884,-0.02693124260422466,-0.0510483963285473,0.002878812761023956,-0.027001172030428677,-0.03065532055156123,0.03027988514605378,0.06369266239608798,0.03713166081932667,-0.048135398377305495,-0.014774000277059418,0.056993575615491454
0.06079868742485642,-0.013267224889138724,-0.040601711798315135,-0.03557086061469594,-0.03922459697963699,0.003534380808101839,-0.017238460117534667,0.02676499717702792,-0.023879763352246758,-0.01483465790896902,-0.06417797323736311,0.06256529174051341,0.06980429410505357,0.09850983076921692,-0.006859861344203755
0.04145680801525829,-0.028793142856826364,-0.00286627616689093,-0.03671406932372,0.010659796286639583,0.00691467219315489,0.002573509284913212,0.02079181792945439,-0.011909700437817602,-0.047675551084136215,-0.001444981190665827,0.0104157821503874,0.015615258007015909,0.001355704067101477,0.0064190193363884585
-0.0026908980051595114,0.10629583278467253,-0.017888439302046158,-0.018374832637036025,0.11087757872430679,-0.037711617885813724,0.00486193068512961,-0.07591686086998765,0.066210380162824,-0.019550001145627462,0.03191294539511501,-0.022704985724063646,-0.0019666973786837245,-0.1226493993600033,-0.0478308369604746
-0.08591692969456584,0.08413053904351141,0.0021729233400093056,0.02358069414278226,-2.6778037244537458e-06,-0.0033157081976337823,-0.03043520780999298,0.0008641950556841387,-0.01559155825214974,0.02593147174461189,0.04083873882954323,0.11452109765626492,0.0016533756046865737,-0.06977759374091602,-0.02266318772790779
0.0034823382571367014,-0.05242472304237108,-0.011906774823265586,-0.014818535146439217,0.0033928759101441545,-0.014185865052978839,-0.007592231334378489,0.006007189837205906,-0.006310491292367444,-0.009157558353836588,-0.01553305476607932,-0.009240987810284424,0.05209077764201978,0.09140999569857143,0.00760524575738632
-0.037807590201656124,0.014824083991158808,-0.02754086584891614,-0.021024551873732925,-0.07978426484669533,-0.022708214920277994,0.05614479739794908,-0.01678724332377002,0.06706389337740239,-0.006033991895594544,-0.04421264885738342,0.09568309303246993,-0.018458903485596666,0.06842710097477633,0.01717068135616429
-0.036059681142295165,0.018356760497999825,0.010571548880501883,0.02519563107179845,-0.02799463004079069,-0.06436597229835246,-0.02166041103523781,-0.024088923991214973,-0.07799042399424375,0.023010286925065113,-0.010675934236627268,0.024843006160856027,-0.05075068482683839,-0.018673484941214714,-0.004577645357645335
0.009137313332423999,-0.027931436730957247,-0.0016115174247480933,-0.038430208270812914,-0.03757490602812003,0.03640474854311744,0.03648760479708116,0.010958411029566536,0.03421855613500322,-0.077361525883337,-0.06091843816171901,0.009643522497955907,0.015193700579887899,0.07413191434187878,0.04104765449359379
-0.00068526041510635,-0.026110942256374656,0.01092923678105831,0.020429077000613916,0.025106975633605776,0.022097446701804455,-0.05063139486402702,0.003679285963266662,-0.05452513201721124,0.010272800898102308,-0.046225333694199615,-0.008689921834538136,0.03817994533866474,0.0420587850465411,-0.023121779505223674
-0.03243333604456541,-0.03191871214749602,0.011621837858728454,0.02252659039667756,-0.021955337194966302,0.03562028161109464,-0.028610893579814757,0.018685016530860406,0.007234327743477251,-0.04738956107151854,-0.04491734600042768,0.011227138981737416,-0.009184775817756854,0.048220191926653944,0.007099026193918682
-0.003181368668091155,-0.013999750470277775,-0.038450732649203755,0.011269766269436704,-0.041328119393040985,0.008239302419075537,0.0015118908883708928,0.01849972551484095,-0.0009043983144289311,-0.025012964931066178,0.01658481299530195,0.06227842622719106,0.06278856373858595,0.05535502523977958,0.005598624471636556
-0.020137610569145602,-0.01823131425448376,-0.003097186829401699,0.04414838773253451,-0.04656636749763612,-0.012317233788512882,-0.02229291044056711,-0.006619059245405053,0.02526542438752927,-0.015043656891497217,-0.02684361160306234,-0.015452332238782139,-0.018517917470544862,0.06601803283587797,-0.058011582249086806
0.025849855503983724,-0.08056349793082536,0.035011979486778616,-0.004620234434064458,0.030253682301227304,0.02634348932350502,0.04190904923964467,-0.008927897988385648,-0.050776010459528925,0.007712999302317996,-0.029007124192691365,-0.0738628786597926,0.01917417605512324,0.0041064384748356305,0.022317216786510878
-0.03537915542143334,-0.07856985128175281,0.051561593978633066,-0.0166402654148032,-0.030094729539112793,0.0023387549299748074,-0.008877816258347741,0.05034694567737567,0.013266366024339065,0.0643343078355284,-0.003369102605965646,-0.04437736010745757,0.002008406534254653,0.04711292977293315,0.04898949272501914
-0.0006747486216423572,0.015503866784028859,-0.02051761958473779,-0.027984913063565993,-0.005791427365741913,0.005784372561738517,0.0036711900462653717,0.016087291907564603,0.018027474079624007,0.04797934375089666,0.016105479744762004,0.008105064738857939,0.0016704862227999862,0.06387821174155257,-0.07044277349693988
-0.046566991541639166,-0.0812632131807532,0.029277685965125783,0.0032409342675180264,0.015630114173750063,-0.008947792381997796,-0.057032369577181406,-0.027890760626635754,0.009704925600048533,0.06723897949549616,-0.02452464692914575,0.0030418346786045187,0.0050458527204256445,0.005982594309878591,0.00938288981751983
0.003635574553228925,-0.06643562257167553,-0.004641373831906871,0.02572126780177403,0.03954685295067438,0.01616235635046535,0.01139558947011499,0.021865710494919696,-0.01509396513186602,0.0028429485248893777,-0.024120112467155265,-0.061756731091690636,0.05079193854142865,0.060306619072194735,0.021409757963718162
0.003680295815176583,-0.014613365306495466,-0.0006148387985352559,0.030900154998089305,0.02876164737891279,0.057218510895357524,-0.04436935706899979,0.026589750947124905,-0.041001232263585645,-0.027395184539595246,-0.0006954310123082666,-0.02139905121649018,0.019788362799771447,-0.03503984104422964,0.076636124171808
0.016280124610042676,-0.04011379263055503,-0.01968051632230847,-0.019841639078574495,-0.03379469145966934,0.004675540416083522,0.015643453737080794,-0.011816157005031157,-0.0017328925355632927,0.034005907033696346,-0.034819826545799036,0.012746109845639843,0.0035163415631204857,-0.0026383312863507325,-0.013418486970683376
-0.02442321286117513,-0.03820688438462398,-0.0027625905349661886,-0.038004771879715155,-0.026026361775388855,-0.01164262874213135,0.02911484655760908,0.007144980643296967,0.02634957281866215,0.013185820582552682,-0.0350487693237853,-0.019112435694734618,0.02403137603285577,0.008744182811510695,-0.019008508707707327
0.03233087691952951,0.04588182788451494,-0.06774436260146913,-0.004422313565131875,-0.04181943442703663,-0.024963344081055956,0.03741787033853724,-0.005026990727256013,-0.005474254188246905,-0.003393857462960803,-0.012037234970166046,0.011003086432168914,-0.031679875335141314,-0.05354467450298281,-0.033961120924041986
-0.03301422582804787,0.05034251928588204,0.0038053976107634956,-0.029424414241266114,-0.013574123627712166,-0.03408789600348586,0.01886486603437608,-0.00687580951091075,-0.05517784032157474,-0.03773685939559456,-0.016519046637059328,-0.00738871275717501,-0.04757549025321367,0.007528195274129793,-0.0148115864317088
0.006031816445297585,-0.0209761160250487,-0.011781612274628716,-0.04609964058881199,0.0008086307624003424,-0.008239014633037648,-0.03273117952703629,0.0489126226937255,0.010990842493816492,-0.01426885443919653,0.02465915707515368,0.05711825890766802,0.04028443136125993,0.06504931978754448,0.0341458267897084
-0.020327372835184834,0.05402738070990299,0.012258346109116245,0.020936050968619963,0.0228137967310468,0.012643761796348749,0.03067052238268788,-0.05392930175680395,0.0003144389947187427,-0.07543895646508113,0.13413182014057318,0.07043946214795975,0.016906479796500513,-0.0675625047349396,0.026691905670992784
-0.039071384724848925,0.02098365997232837,0.025175770725706,0.02803959111950862,-0.018673957001810487,-0.006800618007032714,0.04033449065231357,-0.04119127762148762,0.008107184239635834,-0.035176268337777726,0.023112657303057137,0.07386693346189922,0.007935561748840756,-0.0333326954210004,0.020765867777434624
0.06669362493995669,0.045560687685921086,-0.02212699658548235,0.0044248849378108355,0.024852331662905108,0.022607951038825812,-0.020715775789895197,-0.030982238244875438,0.04322152574670604,0.01714819541308879,0.05612110800245681,0.013572872466829337,0.034777733089149776,0.015014892550588712,-0.012127750535470917
0.029878814065694457,0.12855287055549505,0.022517641454896133,-0.040110336049324444,0.00787776766189761,-0.00903985685075726,-0.004694816367035581,0.009206802686044993,-0.02127369133239619,0.011851815413515614,0.05971087884414755,0.03901306031235835,-0.020604161625700397,-0.0046065671120756,-0.12509909220080778
-0.006542990930150174,-0.022092365440731208,-0.019389444207293216,0.020762261490155972,0.06953246738075383,0.0036016542752647113,-0.02483165781170555,-0.01806565443802586,-0.016731731667505398,-0.07793048066004223,0.061656317514843115,0.004299098389891528,0.017062348799792976,-0.019130263031302448,0.018683014662318396
-0.020047888432498957,0.04230902113706269,0.021206546685357004,-0.0013974407415367554,0.08828673137466606,-0.020902693131443308,-0.04178813870326274,0.008326420846733613,-0.02029245713482705,0.016123764212809595,-0.009773742641588229,-0.011053974118062937,-0.06267901852677538,-0.09177541598971237,-0.039176103484942326
-0.07184745384066635,0.03022829695032438,-0.025353911705360544,-0.02152180449711331,-0.05398842272195677,0.031319971178705386,-0.009684497845362032,-0.020052858714878722,-0.01234576114106222,0.028765277600525673,0.02635400004797391,-0.020920442676976053,-0.012927348660055198,0.062115573023281995,-0.0019228683399392927
-0.008603471131870924,-0.046252399609067685,-0.012531467750706475,-0.023342206026661382,0.02687148002990052,-0.014754061143567632,-0.00474926252475752,0.06647885236367743,-0.03032148168015704,-0.024787961217849708,-0.026169244758816133,-0.11635910511967015,-0.023706554561105937,-0.0070630887881165255,0.05943136262906207
0.05854382568302868,-0.04986955557713516,-0.014996377747104238,0.030259567978769476,0.01772550731636192,0.025238843488173464,-0.002741156800334688,-0.014432038847436657,0.0009748393099497212,0.013488690755472604,-0.06302597128070798,0.007383084912469851,0.016877959148897895,0.049524048008011023,-0.029947962683569473
-0.0030082289089603544,0.05145490885585192,0.0063451607292594235,-0.004015610913644614,0.024667307626543202,0.020931312393708552,0.019367426502979037,-0.058432825615268136,0.05575832895714014,0.01031434348249071,0.029787635567124614,-0.005282399476709329,-0.019058129526014923,-0.08708300239589076,-0.06456967683787351
0.0006600752692105464,-0.04739359614499092,-0.02943478499277097,0.018096497273745932,-0.057519550623420526,0.0165239038825322,-0.02092752417085195,0.002046463591158171,-0.03129566656875558,-0.03759829911308826,-0.08103150216812113,-0.010113052394348022,0.007148831878549393,0.03264168428151739,-0.006596409182963426
0.01944045315711391,-0.05369707077099379,-0.048199857925859825,0.030961673036154012,-0.030010300746529633,-0.037905377487234174,0.003571145200419717,0.03206209256705636,-0.03357425614195754,0.02638907122112149,-0.020818148913480498,-0.06578052226801245,-0.05048601057251266,0.009381751474393001,0.02884711925349257
-0.008980970650693015,0.0050651328352493575,0.025113263541401393,-0.02239585639430573,0.041600979541442186,0.006682924008874156,-0.06948455844975485,-0.020075633707803475,0.0005352300848857441,0.06091850886605103,0.05073828587296271,-0.06672129113031976,-0.0020356580837067773,-0.03358222958722661,-0.037336466224875964
0.002390574656148698,-0.023167494398340937,-0.01800799018541566,-0.07897569866934755,-0.013429905759531121,-0.018122568920603845,0.003073751522958579,0.011925648950273631,0.01569249610711215,0.019440737752814425,-0.061715597119731486,-0.0708334442071307,0.03951517901201976,-0.00855734970786991,-0.04209542263863362
0.005511690544590968,-0.02275922326072633,0.029238867389060827,0.004026195313781055,0.029646213974237612,-0.007857148824544347,-0.029064615006882566,0.020320636717304066,-0.0906881563769938,0.0012565097878706483,-0.032444204492699164,-0.07341652481512105,0.019356910784714878,0.00453261245736653,-0.0342817464517814
-0.007251287274333387,0.020154615215706346,-0.009928813724835036,0.0160479176967924,0.04166982168520143,0.017810011927612786,-0.02668647927720327,-0.03442705836606414,0.00029499190973306187,0.004495641508048758,0.06522580145275429,-0.015047366087441354,0.019417548945322834,0.036204535564984965,-0.024070843142259605
0.015221259955889906,-0.11889160574198267,-0.012763540685468968,-0.020180391881420158,-0.017270971886000533,0.04182237063931317,-0.032379497244931846,0.037075808121255084,0.005227153258497229,-0.016185148818440208,0.01794823957652326,0.00014482389002546997,0.01438861407571067,0.09533676495479447,-0.01860583669937404
0.009659424640692514,-0.007183658266114804,-0.004524346942047805,0.00908945021485806,0.007205684644324967,0.05844515408728552,0.028464040586925986,-0.034975326655641466,0.04593905644368874,-0.04714595095852528,0.04149919986097857,0.10872324281095641,0.08251637834932406,-0.007506903806874924,-0.056664765861303694
-0.10964347842967587,0.01697412819334547,-0.04851406392763353,-0.044516819515548776,-0.07756942042890928,-0.0628330440778127,-0.03966138197048167,0.008854194034391005,0.012339189566685954,0.07509493987785668,0.016624316977355683,-0.05164294863770667,-0.0752402714986106,-0.015305144519710654,-0.031627823218729784
-0.04767562341094879,-0.02983685493247491,-0.01817433620132737,0.023298586728745945,0.11032184103034054,-0.027280368779664253,0.023481204555620874,-0.05150376592489116,-0.045812623343264705,-0.006694897282259671,-0.005215328497297183,-0.07336261923707443,-0.0022415072157286682,-0.030492179074140348,-0.02974768341706056
-0.05563918985429989,0.0002668561431476177,-0.06366822568049388,-0.034303475145100557,-0.062372890394497005,-0.028607158133416976,0.025954382329973633,-0.015741553556931086,0.02740571769539399,0.05445858515372648,-0.04755158758775828,0.07303165349916359,-0.014763543341521055,0.10473946361470464,0.01814843094978188
0.009758602921811417,-0.041971778630305004,-0.04229950906124764,0.007271953677486726,0.03615311993009481,-0.001510306170906592,0.03363921661510199,-0.001025807757220776,-0.00222245588461655,-0.030440221948491362,-0.04173818778250764,0.020605588385008804,0.060671541911979425,0.018958935557274473,0.0027952472335302995
-0.034083669040606654,-0.0037660452805196114,-0.022337662068326068,0.009105051738458242,-0.009206586835977906,0.011057568998158011,-0.032692382465288355,-0.012735254609268068,-0.04502365500418923,-0.01829727487794899,0.008486338998235593,-0.019636009703637512,0.02411264664836483,-0.028884147377765058,-0.016178831758324737
0.016617388732423636,0.09279867095452436,-0.04990544657017753,0.021696985193765977,-0.05546764998808951,-0.04524936059118348,-0.002215242674937857,0.008871834137257019,0.0013512632239583897,0.027914751698377323,-0.03630443630520973,0.01026314771984088,0.01045758157354133,0.014691455117844332,-0.03567432690186931
0.05932084028769507,0.015607674996668316,-0.022121815280669102,0.04124888416559901,0.06169781019059436,-0.0014949862078812001,0.023701894052298174,-0.005916205991949178,0.0289272945597479,-0.06702687028261271,-0.040994933862640415,0.0385219528310663,0.11350254988370201,-0.02843461105652825,0.04417528112763989
-0.022226990902105503,0.014179477198840532,0.03060973386676613,-0.04243561829039877,0.0019279910069080132,0.03095089249053992,-0.05964398713253017,0.02898223784197931,0.029996520043974677,-0.012756489815946532,0.04954488766778808,0.009113065975708202,-0.026659193993625537,-0.01385757906501859,0.045675003313418956
-0.0023416330507977584,-0.024002230291052633,-0.01855416786543684,-0.06343613903986785,-0.02454226391716063,0.032312868080626354,-0.016032242840766778,-0.012093247456515062,0.03743294434960015,0.0005269725298701138,-0.03539041061309333,-0.06612143548963767,-0.008103105883772029,0.015829452956864054,-0.0262353854528976
-0.05556507097453831,-0.011654665977878247,0.007866407101194748,0.018023068777846065,-0.015435786831253096,-0.02213970192293169,-0.04621752442040931,0.007737352507491659,0.016799185219130916,0.0068525052103042975,0.042106227228491944,-0.03287469864859513,-0.0913049751354541,-0.03541139413875025,0.0006498751601061122
0.04609250182051286,0.012516316753593333,-0.02282454261443433,0.01992267960853485,0.027106238094404975,0.023624962673208967,0.009867468775637472,-0.0027421844518739345,0.047304399499313345,-0.008787076956021753,-0.005195891929957868,-0.05606343159840332,0.03508256102035263,0.01376303438671155,-0.018203209549480813
-0.050022937216563416,0.08697919435350127,-0.01826762544921086,0.0053905620783564765,0.004517202202868636,0.026347592876446044,0.008471461877818439,-0.010380161038630615,-0.023665452786447216,-0.029518095081790964,0.0015998220865063458,-0.012349669442487101,-0.056771927771160545,-0.036856494377703934,-0.05459660941454499
-0.01373671060354788,-0.06425201543977757,-0.0008741014944876724,0.012222613291620704,0.04056823588851981,-0.005145391211477509,-0.026268352067901662,-0.0314219350734153,-0.04466554132803162,0.033623934689654494,0.004308965351510172,-0.21773017279973328,-0.057684672889051235,-0.02575241011269995,0.02664398755874329
0.01946934908640156,0.015132340054040346,0.05200764626255184,-0.016458340343387626,-0.03444016250620925,4.531528359802172e-05,-0.006099065143522774,0.009300000576734347,0.027854148354506593,-0.025627170403184935,-0.04736975933580794,-0.04394885148662048,0.049073368479798304,-0.03254448067362498,-0.02088264537632586
0.04432822390446548,-0.017423057680314148,0.018124591250816988,0.02794200923544799,0.02960748997022505,0.042956140058897516,0.009162213184758922,-0.03992616963144644,0.0027602688403303255,0.011862621084657604,0.00913845566884269,-0.055555237367154134,-0.007200571057220431,0.010032378973575626,-0.02344903292863214
-0.028529333410348242,0.060885153038057485,-0.00747963700902606,0.012649809075854102,-0.02263846908548698,0.0014336904037257174,0.019684382525380774,0.01771823496642972,0.008513017781974538,0.043524989243089195,0.06293516484352632,-0.040476625640133906,-0.07956911263954704,-0.056360128307450574,-0.023697873635233555
-0.009804787691584629,0.08410002082656003,-0.0003311183939980838,0.017923749146455784,-0.05431148781708651,-0.057701844085215476,0.005554794337312956,0.008147104840114454,-0.027264744952498105,-0.006371592169662841,0.07292590928348779,0.05090812433979136,0.004716155660627088,-0.09246717635790683,-0.020324975793867328
-0.022860854543700397,0.027849141745643624,0.05728192273652152,0.01941378135792729,0.029736354918942724,0.0035590350121991942,0.0008805909850645557,-0.015225623089762053,-0.008788987371223278,-0.04189841214422319,0.052480157438371366,0.05084985569164223,0.014304092299226323,-0.045195232324705965,-0.018168560474711985
-0.003094968029416428,0.01414335770028074,0.01212905300299359,-0.015222932265105567,0.016716509844205182,-0.03305527624057219,0.01929827036000634,0.0022055820941998755,-0.057095824790482815,0.0073546959580041964,0.04250780647113856,0.029837114257404134,-0.021041672034677716,-0.03509857646781213,-0.016435346405653577
0.02889951431651395,-0.019698018484858082,0.01468700883348006,0.07364382827208037,0.04783410212368209,-0.004984313605518598,-0.06765273149887216,0.04920120288183359,0.006677601719107088,0.002227302889768172,0.03401479979667323,-0.14113299224314016,0.012355738495057096,-0.12890823038793686,-0.006967926816520605
-0.018398681371691726,0.011223033410259502,-0.03257482273088582,-0.036951657665815575,-0.04565947982413701,-0.01558889312462161,0.03999234489895633,0.017905339552142747,-0.0011302041295699632,0.03392965388811123,-0.003261273337749992,0.058631535236688216,0.009147930568109926,-0.02409431742885197,-0.03350222881826637
-0.03052175549551343,0.020785787032704166,-0.05739101306084317,-0.08904025406038023,-0.06398907666862182,0.01631230968954189,-0.0005643711168321927,0.006991303535355256,0.03202351936385428,0.039998042002478335,0.052851491393286036,-0.00041837331924629437,-0.0065353680051646315,0.11079212673734894,-0.043626770214123436
-0.017379275285191915,-0.04662938008831639,0.05502127915156165,0.06907630418379353,0.0372833343511003,-0.02795036200439851,-0.030368224985481095,-0.021343776852917405,-0.05314354644970143,-0.015806210777335176,-0.007073451061926782,-0.08476086825390183,0.03994438030255978,0.004544745022561627,0.03862057492878694
0.005469403457351061,0.0278766173572426,-0.00733913683829458,0.09501142058624953,0.014053794882153268,-0.03381484910697605,0.00014593333863238174,0.02905614682264007,0.003307556529354172,-0.008850832846875779,0.0416640867004534,-0.012145005409651438,0.027228576560509643,0.04086024852119714,0.047090676299815115
0.0732361496725315,0.03809353555892671,-0.02523129738870231,0.006702906910724294,-0.026544323530740332,0.0012202192867047277,0.01350252799537757,-0.025540674846673068,0.010504968337354863,-0.02644001657147942,-0.020611259630207043,0.05518329159231433,0.04575787663020955,0.002534396166724788,-0.009449841317566605
-0.0316143538610899,0.02928116700650432,0.028975209624281382,-0.02171133916024215,-0.06433589155821852,-0.010636113944927505,0.031124793599928532,0.006743438833051241,0.03749178995179954,0.012077748556059274,-0.035065667479552955,0.05268248488875416,-0.024972362138212904,0.00477172767004805,0.01041446860833891
-0.009862310621870178,0.054983429101351886,0.03446943957502716,-0.015608227769667509,-0.026929927068558446,-0.006703736379624041,0.022446074196383985,0.03162824396244029,-0.01973673114933574,0.02045012565813813,0.06349277614088308,0.0842698415678988,-0.008347792497614364,-0.06381511551943331,0.0044992634350255545
0.026302569983884493,-0.007309271698620651,-0.02127029211195751,-0.02732481676119864,-0.02652392647024008,-0.00536029395000016,0.04477593212698106,0.005642193734980439,-0.014256773433131392,0.010274039813193941,-0.03351974155759379,-0.0237051415549816,-0.0452745178772063,0.04043468471627488,-0.005654478264664904
-0.04041191599521304,-0.014084568111853041,0.021559486502931567,0.05072103775895993,0.07092221137007142,-0.002362145577799941,-0.020861532718206195,0.008053397862574264,0.005748915830419813,0.018440089030444716,0.06471565372278854,0.0034217406725700226,0.02717653530303067,-0.0012316663816317897,0.06454788153161968
-0.0005173155559237634,-0.04415569890290979,0.023407964517522948,0.026125755258185127,0.029191477611254825,-0.007605443660604279,0.012374985100976087,0.04433490804199231,-0.057750058215060344,-0.06075436662782114,-0.04307089006185403,0.029852898075022997,0.015662713100317752,0.012315849131766256,0.013713165330570947
0.01857280532570348,-0.01877653953953581,-0.006496318684161385,0.024577305215551983,-0.04285603045042776,-0.03466536473267886,0.0024308895441700375,-0.010683155190610178,-0.01852523867565352,0.026303572588286767,-0.006145100978408909,-0.01514481091484312,0.009663723463777278,0.010538677782682653,-0.013874708515903163
-0.02061439369440693,0.017075011843426455,-0.008195070127792088,-0.02893795286158154,-0.002641372673186809,0.004476945948951003,-0.0014059661311188636,0.012588365731424488,-0.01470980535905813,0.043333013779413905,-0.01896965983059472,0.02975920479803096,0.061863217189255984,0.010427994614027743,0.0042373677664201805
0.03537847707311503,-0.005151312839596342,0.04281728023614099,-0.01781411775475254,-0.008162146121565853,-0.014352146154041161,0.0036018861931224173,-0.0557051137932761,0.001702460756678244,-0.015520004586146663,-0.0439123750586162,-0.01412901352498276,0.057536679348527575,0.025518883916804274,-0.0475237528526092
-0.0063537500538286915,-0.02268017614600517,0.006595087933950883,-0.0010185472106584805,-0.006070337390791948,0.00888248643599285,-0.0010430260183176313,0.03735894135848906,-0.03030269367662827,-0.06300184564877315,-0.07491216577568736,0.1314157395355468,0.0666398855746106,0.09763952451037054,0.10090691650876715
-0.07780612204814134,0.00576902692913553,0.001028961403292483,0.019852967075075625,-0.017504285831923625,-0.009252420514038512,-0.051276117314193945,0.04351651348983176,0.056177319473873444,0.029297667144724066,0.06290304572041218,-0.06331899148760566,-0.013388717007561165,-0.05716752833713042,0.006140221664167175
-0.03023337657143371,0.057495957181548846,0.015237742075369534,-0.010190647603189374,-0.04962853615677439,0.0008522045861253955,0.06382939188306928,0.017610352213809632,-0.016260275530048045,-0.009841444232594924,0.011921182411482665,0.01740866605847856,-0.049288126171872323,-0.04541868988318434,0.024108017284593615
-0.016533847549170307,-0.0356877294872324,0.010871902441912214,-0.029585023216551366,0.035151886985007735,0.009731145103583054,-0.035194256232361706,0.0006507223604109385,0.014330337179544024,-0.07857576411832029,0.059737924541715635,-0.0014419933625647468,0.060888522598441054,-0.035105158236342776,0.0011285437127690364
-0.04369272066374022,0.0038365844488850043,0.008865514159235886,-0.04221019221806964,-0.03157447305153805,-0.02546425975421166,0.006973172795142588,0.04307815063767921,0.018142410111451162,0.02051260317383537,0.02390530278472653,-0.04300515162395858,-0.015558535140350214,0.054548273650052485,-0.03389170908496009
0.01693403757032991,0.011609430285579135,0.030248596532213446,-0.046349250404594686,-0.0633725892822756,-0.018088726044848662,0.01759483309719903,0.030752942381247223,-0.02049358809519683,-0.021846070375796077,-0.03481759197314491,-0.06838088380830916,-0.0054620765516573576,0.04202508116038004,-0.03923299805072253
0.008461368512370346,0.03847832897055186,0.0040683681600904706,0.008679667407749435,-0.01515922736606124,-0.0042168211656427295,0.033157377772120335,0.005732009018681051,0.014762615414515836,0.0051382195594118,0.054658778888737575,0.12177482935041373,0.03131382907879723,0.05676024779115835,0.08092232811994131
0.05710456202893913,-0.04657567297948844,0.0010235710847616816,-0.06574584004334559,0.006173784470250324,0.04458043849125083,0.05454878471130579,0.010468069406109247,-0.0075782151601688705,-0.04226185289962038,-0.14743482490718443,-0.05051991533690274,0.04919003443179012,0.033077587890547086,0.018238649119499212
-0.008677445880371712,0.007628705569097829,-0.022910534762832765,-0.0025711299023858966,-0.02465671645288677,0.006667036438975121,-0.006772565721841278,0.01134014699079666,0.03155253285663455,0.07383046645041492,0.09674751804779003,-0.04915075434922769,-0.10536775331094224,-0.02452581052459392,-0.07266973426156867
-0.029182456122153217,-0.010179214389242882,-0.011736542648215905,0.05474496889924123,0.0021824399743815403,-0.028595741023432552,0.03261265839300303,-0.032419209343284905,-0.03428536757342078,0.011315901456132281,0.004695511375923227,-0.05650925353770809,-0.0289457699271451,-0.11445320385055525,-0.02425182152420863
-0.02267272536511741,-0.024104508505451653,-0.06971246576523853,-0.09163699259075221,-0.00998057977411111,-0.0391802814356007,0.008746748659057193,0.049438651503604325,0.03196468010835553,0.019395372811486327,-0.03449518857140393,-0.008042880058654393,-0.0007337701054277942,0.0033073566024204594,0.026944395595045658
0.024840505043736166,-0.02898137971947869,0.02378989057472659,0.006583623920899277,-0.003092410684027353,-0.017328780663384946,-0.006227608081047683,0.010967967691133583,-0.012627220014444334,0.009635306731232387,-0.02620833783584077,0.0030531920296604427,-0.04320643943196367,0.0032911548853077725,0.01501147038848307
0.006390207096473135,0.06400635954581624,0.07008663831903919,0.021794672368767167,0.028076985321714293,-0.014768851688147332,-0.004825093864372646,0.03716229603567717,-0.031162378538950028,-0.014554410432295715,-0.011770049293516539,0.04841985702424803,0.01401919098779244,-0.05052167327400536,0.016759251749430697
0.04593172211572175,0.029090040308227993,0.005117653025198339,-0.04208652094751471,-0.031609858476614655,0.025267009650179955,0.0017449713310788157,-0.020352929525712736,0.02001688755287219,0.006027111577928325,-0.05524279210919494,0.05532364802799041,0.017862849051926873,0.04460623568823182,0.04386324213308609
0.008873170728360993,0.015031225985673658,-0.006047380061831613,-0.012459198057691289,0.016637414878412762,0.02236632557296226,-0.014034366228393352,0.0022252015179869866,0.0227009795601307,0.021992563462153485,0.03413597181731129,-0.03553549495033129,-0.007747654904105099,0.004478741231717361,0.020058911702148526
-0.0006723312786361886,0.003171955281308804,0.03488838781835259,-0.03195970875843848,0.06587201950292919,0.04074382607861575,-0.011686247325100178,-0.022486351878178327,-0.012459448531045442,0.00890795266670809,0.004902115336626237,-0.15280270395288428,0.037337049737143455,-0.11343330000023659,0.0022882291068410964
0.005777773046583325,0.0894789080877098,0.04003014750654432,-0.04241647238725453,-0.06417565723198113,-0.020862642701581547,-0.01837612901748949,-0.0363039984129866,-0.06272867736704245,-0.03542875667345669,0.017784070984138634,0.06498092383953369,-0.021283633430575592,-0.1115621472238377,-0.008747257749430635
0.048095761304756,-0.0013075671611647557,0.02406774070947383,-0.011284971267116986,0.012437153529805664,0.026252409746336438,0.01782067888331,-0.03075589286233855,0.009557136294319249,-0.059865547612635205,0.003998453099880305,0.023647210275527474,0.011769057566178678,-0.03914977902485379,0.021392186580134396
-0.012878779790584502,0.015506497772061981,0.02412601722960939,0.06422777345949157,0.011531861330895942,-0.017581160262267664,-0.04510794230443182,-0.012669317417582255,-0.023092288278617118,0.024941687344757393,0.013717466235226993,0.012699106654461612,0.043138316787292665,-0.03885977373198085,0.017737538653237666
0.041748024831243166,0.014692412142871139,-0.027066690532996113,-0.018250666517825788,-0.04979448662644744,-0.03974531532805423,0.08464264053552577,-0.0028953043852044287,-0.02537976868185615,-0.013316035536745013,-0.01773526118866549,0.03318570400678955,-0.0032273791820076098,0.017483819161429156,-0.029110431101175862
0.0570538957775713,-0.055114561016371764,0.040863205918797905,0.03404536627206227,0.09654182978722906,0.088458283238665,-0.02441528573253438,-0.03839951130740725,-0.003413556557154101,0.006449627241111402,0.024428971031837998,-0.132396350312412,0.034445637482009295,-0.08447480215278323,-0.013181250637437776
0.01011051585367097,0.08630646997440414,0.027921422199610395,-0.05963764399128892,-0.08518727492588075,-0.060732065600437535,-0.0022388731128312922,0.03518068998474671,-0.035227213632424634,0.03580251019593588,0.0008731293250101629,0.07896940326359646,-0.07525872441792324,-0.021216549478194572,-0.06545869065609466
-0.037436167577986484,-0.11258709535368008,0.08637243890583123,0.014505808741912632,0.0007544210898387194,0.02524614134846785,-0.037627218499475576,0.04807396490742266,-0.09119005622942224,-0.05878312754390021,-0.11019783541475718,-0.04673502624647029,0.01949371844990011,0.015250599619842709,0.08948925971953053
-0.03729133496435899,-0.01631975005779178,0.00975410682152338,0.002441207871975473,-0.04331936378985235,0.006942785731091196,-0.0058705372675632765,0.009297889629455719,0.005839108340511844,0.022393913838721444,0.01626039066662403,0.01697181834063836,0.000302509311509139,0.02628147505663686,0.007401444923253133
-0.03191680874306986,0.013956096398694953,0.016591978535739665,-0.020834355989145053,0.012326210951150524,0.01216390818058498,-0.011456058471364043,-0.012991224407483912,0.010839278266803348,-0.0008921358376341662,0.0025072164299409358,0.015279172713932091,0.03978002375302118,0.01689172215118311,0.026468200163932507
-0.0013450023296028603,0.0026082922863961823,0.021844952100108044,0.04582779952552631,-0.026485613300895522,-0.06584628969216597,-0.016302509431152547,0.01726252624242782,-0.017116214207106784,-0.010243809171593225,-0.11269775161520122,0.037281853640860806,0.014703782152876184,0.06841546874720282,0.04684559684571258
0.08487865025651611,0.04484211377744842,-0.02399450922937404,-0.0013535658533308295,-0.040350239109213586,-0.017875318280824982,0.08039221457452635,-0.04340340818316542,0.03892341029576806,-0.019261828758035823,-0.06558569059363208,0.12079497211609898,0.023983690387248336,0.13082440237675377,0.0005844499843494661
-0.07650557639889093,0.07203855867686104,-0.00608629109327836,-0.005174907245198724,0.04849505227507,0.04663841713953231,-0.03991622554673055,-0.011858700225417304,0.016167825016590188,0.01632294251721818,-0.01753920440276962,-0.031804802675005746,0.002856251457134498,-0.034193992849237735,-0.030436902856292174
0.048098697423692785,0.0012129285278895795,-0.004221213911915055,-0.0005172366875168509,-0.0014965998486620136,0.015909598747922513,-0.02904802854682875,0.014862606487831399,0.01317085240055479,0.012414724247780708,0.05729832603643218,-0.027332845003301243,0.006432472534187414,-0.023098927655247757,-0.026161943126459718
-0.004033728877177184,0.041183092738758684,-0.03356281294180922,-0.006372618080931286,-0.04360095073344688,0.0034822510915556004,0.005381110914162411,0.002882064886456355,-0.01840774230268215,0.04553351619739739,0.008577655987110563,0.07025445360009636,-0.039438778966724784,-0.01624881442279913,-0.022617963048651216
0.023070928603974566,-0.07730565825006937,0.031839553594542734,-0.015248643285874023,0.03625548514179476,0.0010471099255215846,0.019885989443926434,-0.03992378645488581,-0.013273291561993953,-0.05104416283954459,0.04842458702556396,-0.014265016085626149,0.05814146317435078,0.051537042833854185,0.03287873469626729
0.027015098853288125,-0.0135428699888068,-0.008408221367234904,0.02585511274031457,0.009871630866225486,0.008398809861031179,-0.0156604751182744,-0.027483783489053972,-0.0075073477300650485,0.029234451029909823,-0.0756909189855544,0.01645234666955849,0.031414904844805004,-0.0035040878270906693,0.03143670074946917
0.05705845124709932,-0.0066013792828648775,0.04994825715255893,-0.05755255665432735,0.030052292514572806,0.01553587751137592,-0.006889282215220313,-0.009969189204677043,-0.04039877464715751,-0.03354238587553281,-0.009641391529302289,0.0007426180478053302,0.06311702501101091,-0.004191429495424418,0.011135889715487254
0.018224935096043362,-0.004496082887564483,-0.03047356671598238,-0.056812511971910264,-0.015314301199768864,0.041745116295517366,0.0005221495561564055,-0.0025104283934238745,0.013414448397382863,0.0033259700366103924,-0.03008951064718977,-0.03534906056996756,0.057634324166520506,0.006223756692525168,-0.021801895269538726
0.021453061220503822,-0.010944445214062896,0.05055988068177101,0.010419028511359679,0.05549950616765119,0.012752758741167172,0.048282210170760814,0.009567349364584006,-0.028096879503548736,-0.0024883935686785133,0.065982258035778,0.010860478644160529,0.00909065819101796,0.003328588039228444,0.027555899461590743
-0.05770879951155873,-0.027843973223872113,0.005999859528275895,-0.022401749477763137,-0.029362742795673306,-0.016443932088023853,-0.014760753259778157,0.04836757456720619,-0.05903508725227777,0.06455757997436316,-0.040826302991522435,-0.06686559966511774,-0.04333641067557167,0.03111654465632191,-0.08621396914491872
-0.005749415041257979,-0.015102434155694604,-0.020772178450825445,-0.027701728426712195,0.007374239713905806,-0.07903178962320162,0.015262394842477827,0.0032619524350899686,-0.002179115115701762,0.027808378355465117,-0.009171644133219352,-0.008955119488424012,-0.001163398182985627,0.00397856681850806,-0.014403950934936608
0.030575207462944332,0.05783304573652896,-0.048428532402087984,0.022045474520790316,0.023711915982981068,-0.049087766048624415,-0.005547853129203377,0.007912349814630291,-0.02196384954874182,0.026814679739343397,0.03346109164624324,0.0007218216804120443,0.011739058035313945,-0.09405916689705689,-0.10589556608479186
-0.08244873038767402,0.01492880945589976,0.019961052942456495,-0.023653352110814537,-0.022839144578359092,-0.05724216735702158,-0.0067315755336185695,0.021452375067856324,-0.04276684327530247,0.011057685227413105,-0.03516782411448664,-0.0322827980654004,-0.014172759759727158,-0.01983983286193601,-0.04149658091265844
0.006502640186013023,-0.05769139057611278,-0.03624121500615883,0.012853261220037144,-0.005016801492205692,0.02784387551265113,0.04727102202780049,0.007616377439481073,-0.030006435128652458,-0.03261784006502684,-0.05538514208222732,0.07511192966654989,0.05467501069403655,0.11621170415392659,0.04991313401458528
0.053262602101455475,-0.023727377570853407,0.0634952304824606,-0.019348688331146745,0.023058922277383067,0.027562852913618874,0.027245978634361977,-0.018887437482089445,0.01218944336930792,0.015294717509131181,0.029591617714716224,-0.03479212097321976,0.034710531708028444,-0.04624014804356488,-0.033144305605921826
0.033408452257131904,-0.019548184571057302,0.04248147712272174,0.01718346377601365,0.01164232469669935,0.042461098665219035,-0.013071351107548144,0.01839021435942903,0.013555681122527943,-0.04345665684151682,-0.010087980261826382,0.0504722630772199,0.017459939368529354,0.021310984377088858,0.03470730646038336
0.028767228814771683,-0.020692139277860868,0.037437204823904786,-0.010973696539059087,0.039797676589447724,0.03329182355446237,0.01890527043996993,0.003331430742960755,-0.03593721082327545,-0.03851067638153482,-0.04499732092089392,0.016851404145700875,0.03353761130408622,0.014553011336329967,-0.017938505966946374
-0.007054750271239978,-0.05185218526804181,0.033055015245775546,0.006104146347147358,0.06663074277396235,0.035652436637240645,0.04030191315195122,0.004581408815926008,0.011075315783420603,0.014481011015750079,0.08483089048289473,-0.04433656636862896,0.07171632710419697,-0.07866165047349225,0.017362698219256314
-0.07380308543629294,0.02861059860139305,-0.05094435178317546,-0.03889453602831725,-0.025375392310951417,0.0023984688186049776,0.042706850105004905,0.02597683639491002,0.005703993420275243,0.06678377293585998,0.0536001454969828,-0.027651505509140792,-0.1160403818930887,-0.018659868155668193,-0.037472001030825784
0.07796377439263699,-0.004945519868082128,-0.029741483289363806,-0.03550405382966046,0.002451606467206734,-0.017321782390164246,0.003093811419461044,-0.031106509194335726,0.02172844570130046,0.005811203895982535,0.027222681346335643,-0.021610010317739795,-0.027948902768267968,0.0243971205723769,0.037228241379684134
-0.030247454169675076,0.011969667505180363,0.008242393692621496,0.028620009080923246,0.02926935428639415,-0.009511914625532225,-0.002416597462545353,0.042927586667474905,-0.0033743203922285475,0.06328060166581206,0.05560954627113102,-0.13278480898002937,0.013477411784205477,-0.0412694420749875,-0.019030614540259047
-0.005820126449319346,-0.0711087505732424,0.024271348887207275,-0.020997047515838172,0.045653752365457004,0.0344131984944654,0.08637594754442993,-0.011975117668200601,0.09800060807525883,-0.031759741643766735,-0.004878077874221287,-0.07685802503784747,0.047068278118145526,0.10135803337833606,-0.03387071830832939
-0.01993592782774435,0.025795542956340248,0.009471116402535815,0.044800840791592106,-0.031234539689634088,-0.024189698222638688,0.0030065600055641955,-0.05896219591675171,0.04107149230075981,-0.0067347877644840315,0.03438280823199698,0.10176854245953956,0.022919930158572407,-0.00961533866359909,-0.029107263782699254
0.05093316604042295,-0.04030993428084566,0.006835773632997162,0.003925258438355948,0.0916749673003892,0.021912632119602968,-0.02391731998355937,-0.027338966704998992,0.03089626598685414,-0.009087765309582682,0.0015832738205562784,-0.008842960590363923,0.04302939696066443,0.030287061296759735,0.06497360640367054
0.01916095662899046,-0.03386826753329041,-0.004996050376590937,0.020933195663090924,-0.028788792289304924,-0.01683906264637408,0.0011313673961846616,0.07793059541930528,-0.0011027589510276094,0.055001637288151,-0.05633379894390612,-0.10347581983401304,-0.010170929861208999,0.04745143076832356,-0.04225457992419439
-0.02543430503316148,0.053209499697200686,0.02609358572364409,-0.04064463029356011,-0.00802542380089516,-0.021794948545399713,0.04284318337571848,-0.005203456788867284,0.05046739480576164,0.013954864317192792,-0.03063367454453554,0.03608972399020726,0.01372356396620286,0.020428793724860336,0.03800199696435579
0.041788492710659694,-0.0002518055448863478,-0.008955541732313162,-0.03022910445159624,0.0462893667163401,0.00987478887345456,-0.01861453063510126,0.003948318831187244,0.03201393020783845,-0.003745296603448964,0.020341063729489513,0.011198801285778357,0.010099911174761217,0.07201874966557154,-0.018068742965101782
-0.03955123384485142,-0.07385320869926894,0.04603025826440759,0.024715551254785646,0.01243098075977679,-0.048310828961829325,-0.03890326892256884,-0.023992140225711597,-0.06001604395797285,-0.05538592737563444,-0.010481942784630086,-0.015307800886045712,-0.02701110333731621,0.018619279709106373,0.002224468317432783
0.06755590839440777,0.0341395254756894,-0.028160283419179376,-0.021753385459291463,0.0009733128737404541,0.05054341185583047,0.008720538204767208,-0.012480076079756252,0.10307003444839612,-0.03992705004172784,0.024599387131518706,0.07495458334441778,0.023826534394049362,0.016366918667160082,0.04829258120018788
-0.015703239750129168,0.03564930135215585,0.023082933911436353,-0.04394480913898502,0.006829654613703823,0.04183959883947966,0.016853371056761348,0.0016875962540233102,-0.02529025879977708,-0.042256003135379756,0.0026914257593783765,0.010620132025934986,0.01323776961227705,0.005862884562208035,0.009636904302093475
0.009446972410873751,0.005038391610846643,-0.0004946219709789794,0.013012146378938428,-0.05121716876540131,-0.023264749400042452,-0.03530091594271851,-0.018576441627551253,0.009665450903345526,-0.007618809220155058,-0.005553567606283697,-0.0026592495398437277,0.028621353206982083,-0.00230252405526083,0.026625327728560057
-0.03543968704956635,-0.04693713491963263,0.0574127858625975,0.04006637002202803,0.040507855958327184,-0.019827667131792757,0.015482177046956409,0.04487289823933042,-0.016676509240094093,-0.05117180007219557,0.015206636130343011,-0.07779239449265828,0.008320835399829352,-0.0852734575958506,0.08768623019128961
-0.02205761862486064,-0.06716000140838903,-0.03919220878451072,-0.0273671122393821,0.04229654092166253,0.043251151711352624,-0.004846778585382093,0.005097391914113845,0.0005407923790071679,-0.0028287078628387004,0.016308546493281815,-0.08206123499993903,-0.028374149305844566,-0.015788683387468135,0.06300786326646059
0.00180797069378324,-0.06885701008449548,-0.005744660243863216,0.05784981572328352,0.02039792291509196,0.026523834961133773,-0.010999170683337176,0.02898688736233252,-0.007479498427724073,0.031142398133450166,-0.008935936483864617,-0.019169113363072234,0.038603837647345554,0.030044799458340803,0.0075522179541678185
0.009775397177988428,-0.006894939187247592,-0.031177576392516317,-0.015545421132651588,-0.010040499589437467,-0.024479426975080137,-0.019825055043770277,0.01962151785741006,0.045883103365604326,-0.015013767903452154,-0.05923969260911933,0.06322948820274192,0.047210385425076315,0.08821845523354836,-0.002794848472961861
-0.009868159412494037,-0.002843723665383749,-0.0055535623862643475,0.03136154949818363,0.04277912737928967,0.021078866132531716,-0.09196611903822738,0.01003327085885129,-0.011758735581503145,0.032611698306200115,-0.05871938106517359,-0.0229786398253772,-0.0018695754735891428,0.031031647910703522,-0.005017614505816244
-0.03093612705096976,0.09378905289921645,-0.005710789505639043,-0.008565337541924508,-0.0751608650316156,-0.024510099058449777,-0.01299475109287609,-0.031999741080196945,0.001524505028009713,0.02333429299781457,0.04153011560713106,0.004982911503107682,-0.10214305695482362,-0.057153875189861765,-0.043331696759632
-0.0006847145492752603,-0.036054183374113445,-0.0439702290914533,-0.014433347618388742,-0.017062997115546773,-0.050923467504603526,0.015517988680209111,0.005135104367337092,-0.012238506354535007,-0.019958246790306156,-0.023747456147502826,0.07259535544280628,-0.027599945820780843,0.06621102929715225,0.006101964153581207
0.018977972576415987,0.016353318664871747,-0.011686517660621806,0.02892439734482925,0.048735911703112436,-0.03570895688466298,0.004754497923585932,0.017192964582636878,0.05059338720009123,0.0527265434020725,0.017305880970552884,-0.047853716034450704,-0.031393342189134164,0.0014312776884735417,-0.09688369825471194
0.07306725038871711,0.008430985657390942,-0.03263713168638607,-0.049214741465928684,-0.026579494658214013,0.007862823524827643,-0.0005365080339592234,-0.020051649227001037,0.05292117950856942,-0.025064425664822462,-0.021706821856634695,-0.01073351198784388,0.02228092691576284,0.030848413854035844,-0.02037323684030099
0.026111034461610647,0.029105358474719834,0.00785242078997463,0.03513026748002068,0.05075843512971043,-0.03087687737277575,-0.04625630737637624,0.009706294781001074,-0.03009092506840342,-0.03619142656644932,0.01085707283853262,0.05380621395281037,0.005236799545986439,-0.07315528955102127,0.022248202513077953
0.017280694994168625,0.019680225591598034,0.021966000890896894,-0.007474247186968275,0.009073106390849803,-0.003710837530554787,0.08836306042934002,0.036272809297518006,-0.013323541052510761,-0.029915932825834893,-0.015808752255243003,0.04481362183438967,0.04123580554699681,-0.06242581044351832,0.00493325250881299
-0.018485009264950333,-0.04812086073459938,-0.02007582417346477,-0.055800133057458866,-0.04461837246026849,0.0357735716219291,0.018417348566000215,-0.0009616027890002369,-0.029612157442098795,0.0059360352049062605,-0.0407997176562739,0.09159804424888421,-0.01738090446334833,0.03855241671064569,0.045163507184000064
