feature_0,feature_1,feature_2,feature_3,feature_4,feature_5,feature_6,feature_7,feature_8,feature_9,feature_10,feature_11,feature_12,feature_13,feature_14,feature_15,feature_16,feature_17,feature_18,feature_19
-0.059899147789246605,-0.06500709454499483,0.00617421620621688,-0.009457311209801061,0.07668253396550333,0.07319651185065341,-0.05503932331534373,0.0022605738438216216,0.030148180571913843,0.04208139079319232,0.0916438139009315,0.007353220275338576,0.012684399085331751,0.04219259757521723,-0.055808409769635636,-0.042572731992070546,0.02846237451695181,-0.005156741183121147,0.021862956321278867,-0.012637262976081705
0.08652536240534617,-0.040164447170559926,-0.012432390565057789,0.02464435798237203,-0.033447500778563344,0.08844466111834282,0.0011561651123873644,-0.04034370860292285,-0.07153767705525321,-0.042665280390675374,-0.061011814250044094,-0.0003272555165855866,0.032755555879524244,-0.06060174047284202,-0.038432570730702525,0.018533835575305732,-0.055571810979566816,0.0018892750740256473,0.0068158625032552255,0.059144566564634536
0.006221844838675359,-0.0034867514465023847,-0.012853257662674816,-0.05656966879940101,-0.040358296186816786,-0.027802774463719763,0.046777851303632746,-0.09157645892533124,-0.04589557090949801,-0.02443559820743197,-0.03746727070478778,0.018322894599428704,0.015744667226271193,0.021319780051187003,-0.045810529910453,-0.06316047107485229,-0.04126583903480027,-0.015572288858518657,-0.019587808126495382,0.05301582675855434
-0.0320710603739707,0.06697781443250184,-0.04882951833202817,0.02032144692580614,-0.04458443674779155,-0.014748144468981038,0.0009128502285187653,0.10334922976664834,-0.053556648221105105,-0.05736991045858206,0.044882048702760996,0.04022034035097343,-0.03818635605851539,-0.026525230258742805,0.02468965457107292,0.06515492531572566,-0.05340626479516687,-0.04695961541070021,0.025538493163900916,0.08017474664701026
-0.02545446845030787,-0.07414340118985902,0.04060969665383692,-0.02575500349384049,0.026555789135330757,0.04102950151353904,-0.0010198501566432525,0.012411969558460311,-0.03828686641862899,0.006299364488194924,0.00021002414146854769,-0.007938227552740087,-0.03993052820656959,-0.00028969653801450327,0.03491033868545324,-0.06771503863340318,-0.021888143520434312,0.06891735726415966,0.0312609313548472,-0.01200126495420007
-0.10130738786921265,0.017361939719599907,-0.025305294953239226,0.0356325016482358,-0.044496078026921466,-0.02955858659483156,-0.05043371617040632,0.0019161368328252226,-0.0933690436589448,0.057435837642659714,-0.01987943390647882,-0.006883293445232135,-0.051854792989261524,0.012323319510988166,0.10345176416240169,0.029096093480830875,-0.018044632817620743,0.008800391213485852,-0.04315117654628428,-0.00048466141435728465
-0.00428526904853962,0.005593097621532472,-0.08246489696516508,-0.03315111684643861,-0.024549885783974483,0.121639834180898,0.08765390084859825,0.0628624233267646,-0.08040492852567302,-0.06025868114143917,-0.05776790535781524,-0.02111053441672159,0.05129744982151149,0.01833382144524917,0.02358784029425967,0.0990961360100472,0.04068734361209959,-0.0018716254146368034,-0.025215564472433075,0.022224482469760994
0.03760435616149303,0.041285837540622226,0.07475613140349911,0.040502534144238225,-0.0313965722593185,-0.06225814702371511,0.024425221747947513,0.0601130419026335,0.02701657007022302,-0.003318604258161378,-0.012395625754204543,-0.011116560350607752,0.0234598488654158,-0.1019717825071981,-0.046327518574597465,0.00911277848720026,0.030122096910923664,-0.047767864574456864,-0.049736503334945996,0.0002810437973260545
-0.010022043909287237,-0.021088593253879892,-0.09724665395108233,0.037913622804404815,-0.022834261420432544,-0.057221371700192175,0.007635049925998174,0.06314342661707872,-0.06000370104825353,0.05109209675636314,0.03255943860119023,-0.010429355280542516,0.01995631075441052,0.04448913093325709,0.048513406086749665,-0.0638915648605428,-0.00870646859904403,0.11589160206381724,-0.023537415252362276,0.013195605646818511
0.003951585750940465,0.0018646329657611563,-0.002845518618959032,0.024641583735748186,0.014626619659814568,0.050115156069614024,0.020546916200791413,-0.008093516278810725,-0.014437658926444092,0.06271242696626783,0.024090176864810253,-0.0036940213157219213,0.038587666921556525,0.02386237209890972,-0.0229238554852099,0.03562291131411046,-0.03665421384212288,-0.10761457649964558,0.01711886536300424,0.03154116552224358
-0.09293950308741078,-0.12128099045275174,0.01325232542436147,-0.08554019295010908,0.05513948135784154,-0.04511234025161687,-0.0860401693600023,-0.040116226794864054,0.032963654532493565,-0.061066373642359846,0.018991819722017387,-0.02954430451912034,-0.014554027718335746,-0.07036183742263144,-0.04880424460942678,-0.014229401772098645,0.006546330075123698,0.05739095418875619,0.050770763294832405,-0.05085852323897646
0.04735169235013446,-0.04715671568491252,-0.009654970815645102,-0.042618436409406046,-0.02002136462471962,0.11072466289024334,0.06715707548712409,-0.09127813459833269,-0.10108542460872118,0.006560165140690798,-0.06122694968732641,0.03251107269139793,0.14145259942505106,-0.023254629823904922,-0.003587468613923652,0.14154106623430815,0.021866060472651792,0.028450746989751058,0.03052157059547549,-0.020752839683284185
-0.04907321297152202,-0.0051292276914140615,-0.035244444294449936,0.01269856904580005,0.061472844126546425,-0.028527899709597695,-0.05158241683088696,-0.04844355443026739,-0.017235075566894655,-0.08744892073309936,-0.01690332565878309,-0.04103401837047944,-0.02789477086318508,-0.053184138269845194,0.08034818284302479,-0.0762735049934633,0.01231653696663922,-0.07429825937525796,-0.04271763103225809,-0.0367160610319721
-0.056186006702332585,0.14245400710612746,0.12833331687077365,0.10438732314418964,-0.08833276127557738,-0.06139907458907932,-0.055499778163172316,-0.03977185885850226,0.043012599777906085,0.0377385535388881,-0.002187835544632527,0.07727166758369637,-0.008792157442048617,-0.0014215463213186484,0.011806368774252871,0.0387964511458348,-0.05379552483747077,-0.029228229834536528,0.07572156764788708,-0.044343661203372825
0.08224211546196654,-0.01666590846507241,-0.07485302681297293,0.0003268147455512797,-0.06985645698429344,0.0015843753703936245,-0.01915651424940678,0.026238638723485752,0.020300813056019995,-0.004864088971484973,-0.05190160865198201,0.08807469107452329,-0.053876621826035885,0.03351666883844664,0.03645192284982682,-0.05861189105755261,0.057697559134952676,0.08960944790449754,0.01596270344277361,0.007344972868460049
-0.031133647414086776,-0.010702179572987811,-0.022784117449714914,-0.01261654747428962,0.09176492074605758,-0.0248795418855331,-0.01357149450908742,-0.0030606928937453983,-0.018466634504187975,0.058382270728806515,-0.030589638911462082,0.005019793889962237,-0.04386290098614334,0.00013030174305395914,0.07931684437836382,0.0033260178023724403,-0.005138124909760245,-0.013467964887417562,-0.019065804885338718,-0.0351461105401242
-0.06342487317772384,-0.0323028963702717,0.0432793100083135,-0.05927928807826151,0.02800968535324661,-0.041282800754389115,-0.09457658286730435,-0.056704012335152675,0.07764358091639037,0.0596666300621869,0.03791462779859636,-0.004076151378641635,-0.012196269011051091,0.021610184853689745,-0.07145944181811853,-0.0582702533357102,-0.007989733342074886,-0.035543819280482634,-0.031132388233016946,-0.0013066186281277489
0.037673105929016945,-0.012189937120360109,0.05279206535266367,0.05157454902782649,0.027030452592080964,0.0034627000101650797,0.02742631151447922,0.029303864752795315,-0.005837844102169709,-0.05596671045485754,-0.0693960139976152,-0.08195758081149175,-0.01978858395821935,0.009837159886100209,0.057019436976441344,0.00391605731319026,-0.03092305404745884,-0.03645272796194855,0.034390819115008714,-0.007981350690483266
0.032523213449525544,-0.0800120325095417,-0.0001912219256561647,0.0036427062819332774,-0.016731098418675868,-0.059939903306262504,-0.033913938898790116,0.05518049903491816,0.05797007442908136,0.031800073307379724,-0.060944847245323945,0.04365682399228504,-0.01483209370052443,0.024519556597188023,3.812111987686872e-05,-0.013328300956614449,-0.03711245185206693,-0.0616749991209404,-0.050944986512321364,-0.024274055494978596
-0.01119247863232738,0.05619194605917801,-0.0008743628715998873,-0.05802312229266842,-0.09015299264878436,-0.10676329467890543,-0.048201357504200106,-0.04530373933611928,-0.11449470051008193,0.046861265183763316,0.06820896901839082,-0.015216580412365524,0.0025077356863555094,-0.018540570967478916,0.04814052942918082,0.006106986798079345,-0.0405943484903758,-0.03146382359126863,-0.023605083138095888,0.1126672311946582
0.011555699005829246,0.07436387559144822,0.038762477706308994,-0.04976598803632364,-0.007777355933076156,-0.02197191808172824,0.04871343721628704,-0.0001525845312917307,-0.0011654484789031063,-0.031425658639013844,0.02309104401133258,-0.07263367777597315,-0.08457073281433307,0.008062705200873849,0.060826207628239266,0.01516187783671399,-0.013961135654937774,0.04196070840717302,-0.0501793773603094,-0.030199312604400244
0.05743790498033735,-0.016006593771671063,-0.04729821314409026,-0.0017540178456642763,-0.0017677513066914504,-0.010531235072299229,0.018855517217975317,0.04312293555283356,-0.009476168014029071,0.0007119582751860858,-0.04594013754679031,0.055996215443201026,0.056795231399311516,-0.00818334905886816,-0.1647155583821476,-0.0031664786063066693,0.054348919525736096,-0.04900626479073605,-0.19128276065328478,0.021309543022565502
-0.034409809043696095,0.025810101998714162,0.1093136001850692,0.03161101643732243,-0.029375427047131756,0.012318934593128437,0.027408246431994396,-0.014196956824633487,-0.05046516536698957,0.02982862809473587,-0.008902220460876804,0.0020559155768826638,-0.00819446858379363,-0.037202204389485835,-0.037350532842585216,0.032788596256342395,-0.03276190211423109,-0.1092986461620012,-0.012353399986322863,0.04380728376829751
0.009541628916033022,-0.05555721079483436,0.013143511815468214,-0.066635194825611,-0.13197746766962917,0.0183369601173256,0.049353107477032525,-0.0678277886118986,0.029495200960070113,0.05600294195287622,0.02464839654339798,0.08114114393872203,0.014464204081956217,0.018932847852417736,-0.06430870077058962,0.026193941721472578,-0.0009893559506544978,-0.017842060853736477,-0.0900033153118004,-0.027426894593264445
0.02151710422198072,0.09278877100033803,0.032481517141229196,-0.06966489110954537,0.0031778539607212326,-0.02238649022389096,-0.0904162371511383,-0.08295737356954275,0.015295211800701144,-0.00827264884497892,-0.05428971230857939,-0.011738273276176095,0.011819606274615126,-0.06288554669409724,0.0014069296453613192,0.01940990855464117,0.004710124603820467,-0.08209531227399491,0.06410955641439485,0.03867479172699093
-0.02878930271055322,-0.0071065007413923945,0.06247235701975765,0.05930771975093333,-0.04899710942059523,-0.026839302494244977,0.02198514702137052,0.0026141129027965914,0.08121538449367582,-0.004136102004458096,-0.04688038709479872,0.004576759089896769,0.038574133691133425,-0.048684147581234745,-0.10767130726385822,-0.06504067757019073,-0.006445908355925932,-0.07096010038947387,-0.02196827237764001,0.02150504107506288
0.010367215123665618,0.08762861090012629,0.04260160052960415,0.00949358225546123,-0.02283603944709009,-0.03456748291606713,-0.03258793757961181,-0.04391721513866715,0.08657908229365863,-0.058653368185471934,-0.022232555980175685,-0.08593390563749577,-0.04543961433085191,0.09016789928857756,-0.0007939679747507029,-0.10559423803306386,-0.021440020289869636,-0.018378197477855126,0.023707560804242467,0.026397232062969987
-0.033562058524487744,-0.05215064764287762,0.025894251715263085,-0.07187729389087273,0.08565314371916649,0.02727115195299184,0.009796172675256431,-0.15481499381796274,-0.02774653803204101,-0.023873453435255435,1.80542271229033e-06,0.010045940450249211,-0.003088967899106632,0.02514480206718923,-0.009953269939678662,-0.05071627383176948,-0.013138188047972113,-0.08426101079729398,-0.01696136557771905,-0.044199342273035916
0.13153919414006468,-0.12503735692750503,0.04343536132602145,0.12026863135946791,-0.0038424421809815914,-0.03841007975518382,0.03824855758430398,0.08465194662914913,0.015559723993346802,-0.008839995530071688,-0.06964659182908163,-0.060721338519287425,0.006264201744627261,-0.005262483160430759,-0.02495077907303861,-0.03918079301724769,0.047870985558670066,0.011149522718234198,0.028967364109130922,0.008030081353742736
0.019985811821154508,-0.020173877863300143,-0.01719427699941249,-0.016820786770968616,0.12014102499524587,-0.01537318687735001,0.029250096568017928,-0.05598457992588992,0.051173047691657134,0.01522378601435395,-0.010835596952531485,-0.0007386145045884075,-0.003331628188574827,0.019354625865197175,-0.019708489861012337,0.005442445416826829,0.0783876618280788,-0.05719110542125227,-0.08427953864622732,-0.0037449110431445965
0.05490502588276613,-0.08129619667841616,0.013865175142769838,-0.013947551005403463,0.08574971576599293,0.04785516800391521,0.08752564119948197,0.012288337275395803,0.06281872481843788,0.04608519527211541,0.016215935575272115,-0.08116137921716708,0.04895119622182102,0.00672716366944977,-0.02428291260395534,0.12821461129900286,0.01597084383239689,0.009656512664745471,-0.017503757872255287,-0.09325901708723834
0.047497034186514304,-0.07209174487781633,-0.059367712337550005,0.02221719740750115,0.0834829388195939,0.03718673444023518,-0.07598227907381687,0.09102937813613088,0.030618694344360594,-0.00651052173341702,0.00718433266978381,-0.08205794976583779,-0.07750496740472873,-0.001563294710678562,0.014865086243025662,-0.04956149964883177,0.10518718986376843,-0.0007113095536703594,0.003940496810965975,0.00043942564802269346
0.09813760056585524,0.013009965066144777,0.05456079057342289,-0.019675043681096585,-0.05318405270293548,-0.05784296803089819,0.01448098148729795,0.05459136055333104,0.04694915718756227,-0.0778049569362398,-0.10705982947067427,-0.07582029284956558,0.016562693052052605,-0.026980530199947457,-0.025573473675892026,-0.004851692849809811,-0.09343031245463485,0.0655136300729037,0.04149366339714001,0.03690081138900641
0.004968320045402726,-0.03460360749937801,0.052961586466192784,0.020310620934109198,-0.06931974115921302,0.008842197276341706,0.048386024722749825,-0.03170643391317424,-0.004301218650175493,-0.02944793701229622,0.13221982001155735,-0.06573331738605591,-0.000375447957683102,0.0799284360166537,0.004049808474836434,0.008317944851330876,-0.05623967684044256,0.09905764356401248,0.06224697426742519,-0.04059101699096408
-0.023701702929432307,-0.0015208990939645929,0.015346684174759142,-0.07577781408556013,0.0022841820254167465,0.043989729893942564,0.02269286188746287,-0.06763992814416113,-0.02049389507527242,-0.008375588635525032,-0.0005114512041413678,-0.012495242662260167,-0.012273694098066872,-0.07446808620020913,0.0009297003099891267,0.05029837090297893,-0.01721150935828436,-0.06190830560996615,-0.04738366505025975,0.0232662299617167
-0.009587388577295982,-0.03334906851469019,0.03600894415405231,0.009808725294422399,-0.1081437558071591,-0.030643842973896593,-0.004122999964779443,0.04212357341677151,-0.06729100146423116,-0.06426017572030214,0.012103218747819153,-0.13094614758148293,-0.012240700728858684,-0.001082007847721949,-0.07354987878305032,0.011371882945786092,-0.12062677147417769,0.06843260872518679,0.04239649676674506,-0.009299208354285857
0.048693538059528634,0.057393274749004575,-0.03433855827850532,3.187058038333967e-05,-0.030577221927376205,0.029369722215305562,0.018931202930791233,-0.08439774070369763,0.05987929577383753,0.0604122086949179,0.07676515399428986,0.005552890648598878,0.037103049650234955,0.02165198240456347,0.01233006106734925,0.02431226747649005,-0.04356874439529713,-0.058223249979607004,0.007316978910466516,-0.02113141035090112
-0.020188364738257726,0.13477361577250596,-0.05017038649625389,0.06858826287415092,-0.024725834480777725,-0.026533371081079914,0.03285865291222623,-0.034570180299772886,-0.042574769421447306,0.05793956434563754,-0.007152452556605279,-0.04472705755168534,-0.0654127388339808,0.056304600032258255,0.03159333252433466,-0.008056490876720945,0.060961866039749436,-0.022434889305969104,0.041214520486673845,-0.024958421119479546
0.04349448258176847,-0.10359213523781362,-0.05559591618463106,-0.029606243594603086,0.04342602817885207,-0.0185516716801371,-0.04771674803607502,0.009242767091523798,0.010569049482877194,-0.03731524553806644,0.02934673110626766,-0.0044050467007112305,-0.06281876117915544,0.06397425245902891,0.03603566835733543,0.004154629713510433,0.017603761528714065,0.1707619204999231,0.00920160697120923,-0.019463177404478966
-0.011363531578173519,0.03330123068394056,-0.07659432173559812,0.0073228405915628705,0.07473109574147721,0.05114425749322687,0.06850943634763813,0.0061016921983412025,0.0034179597674965233,0.03887340513114024,0.07646506613521402,0.03974546194860155,0.028780216250130504,0.024658863412607545,0.02310065070777008,0.007089972526657091,-0.011305966550022948,-0.029275341806250684,0.00867718074637483,0.014617459370374173
0.05057417377254175,0.0062432584822619845,0.0033385424016926326,-0.022204896518617116,0.009126428307437836,-0.004502338143137565,0.00299032609330504,-0.07778464612356067,-0.044301947821993946,-0.019937798148521264,-0.019419475369159996,0.08527023352920317,0.0641730323851912,-0.01512275064882237,0.05518791786081544,-0.022341778983099792,0.010858087452742535,-0.029940000163150328,-0.03802979623377168,-0.0228041546752326
-0.1014914508602408,-0.061211644367190114,0.014242252553024151,0.01475076342877964,0.04872071511604115,0.08661151072257402,0.04450620283408322,0.10994950285647208,-0.023160692288466306,0.056113052141219456,-0.07201268632737062,-0.04493912666045089,-0.006955674497888825,0.04089593769470019,0.02273427852093463,-0.05705865810607243,-0.01109530588828205,0.0938220394608707,-0.08662413600590503,-0.06451424152778942
0.01687673198386461,-0.03889180500846883,-0.018117235799702917,-0.004308187612283779,-0.053823058198971756,-0.0797010192135611,-0.040347881390430704,0.02011364893808555,-0.05073594953534775,0.06453207586905212,0.0685071396945296,-0.01845869105628754,-0.006168154625057079,0.034857008094076714,-0.05499210770455837,0.006703264907677564,-0.03694311999117195,0.003470761732991765,-0.06009238127073343,0.06410449950233932
-0.05915163594691443,-0.01814412387294217,-0.061089044918679766,-0.11926153822765384,0.07182425885320809,0.04674386896683497,0.011850121486359926,-0.09620739243273843,0.04380968467395872,0.010647899923832053,0.06324922882136448,-0.043212125274562585,-0.0029492113649864406,-0.020648833817257697,-0.027622193866145242,-0.00933636251060234,0.07473891118716817,0.06194029386728416,0.005993809857843714,-0.03873378591993476
-0.008048559211467762,-0.07362471998533768,-0.022097653852679047,-0.07617309263765232,0.028040058262906023,0.00017727131460650383,0.031036520359553697,0.00823484840028061,0.04971690659506319,0.009452952203839224,0.03185981654335974,0.1065423314769074,0.07419158412572997,-0.06507201512143657,-0.06010521720507958,0.1627222242710274,0.01199401895511838,-0.07351181426334251,-0.05896106107599162,-0.0318167370319936
0.02275004642890217,-0.032577392351370284,-0.058008912069262356,-0.06010290391739697,0.005477949663774741,-0.042163041905420494,-0.042294946962778614,-0.02410910118526155,0.01706811036185057,-0.06511928385203701,0.056450992103035315,-0.03567248467719597,-0.029051928831644945,-0.060318323033687934,-0.04508431841403914,0.04055550458907789,0.04828460851944497,-0.02026320224292105,-0.025165717043439232,-0.019427119908716817
0.08084919116618904,0.03660467150259646,-0.06769887575934386,-0.08668204605803291,-0.045319326007451505,0.08413584720450801,-0.052251325799698406,-0.0310147680734144,0.03050124060739342,0.003634903860131495,-0.004057995344964237,0.0656325580686994,0.033149634224856145,-0.05570651932424406,0.022317172187529273,-0.020545798592322296,0.03679042974328266,-0.009399672909053714,0.0706411922130425,0.1047577520436335
0.03551125460439758,0.01589216889130939,-0.045464525862892416,0.025350193546863065,-0.048148016220596994,-0.06560188225215875,0.00837486328688738,0.07145607653520902,0.05455432739224623,-0.01088646110951306,-0.05948555546191336,-0.053323082420840856,-0.0771491337374784,0.01086597188700334,0.023521049704574182,-0.016582883823211606,0.08545409791407542,0.02849448390588665,0.03459156037801536,0.011097321881511595
0.022389225893440303,-0.05493588685583546,-0.015418547866900766,0.06253420881923144,0.05754469717470571,0.0003965766858478677,0.002928085262209059,0.023974362973866886,-0.003543785402074934,-0.038617806500295684,0.03060630746910202,-0.0012492302306630375,0.03285474572874337,0.02583251812613027,-0.0802023596907186,-0.029584039474795362,-0.03989864252034785,0.021448818953300045,-0.12318313953262142,0.08433791411440161
-0.01104010729101463,0.0279460657474487,0.02629890499483021,0.018901551790623805,-0.06711058935105813,0.009948645634128278,-0.035234051717802056,-0.028561267552667097,0.020945621091521184,0.042904187825108984,0.07376111590380376,0.0984961967282846,0.003586303236793128,-0.013904617534964234,-0.07028013628192516,-0.06466854479706217,-0.003355228499974452,0.025616672246493763,-0.0014536569734165956,-0.04776055618585796
0.01941446012661636,-0.025465845015537242,-0.029304070267957078,-0.0037822318948991436,0.029866557690490743,-0.038647852063487476,-0.019041876096133524,0.019205818339603824,0.02697040843102004,0.0012255608649335758,-0.0381428814185411,0.13097514229190138,0.09454611780386545,-0.015295914415223984,-0.024708502820966247,0.02569806997427693,-0.0529794836059551,0.03688366063624784,-0.025301476334897707,0.025339846022685242
-0.019972141240699234,0.011484126651619948,-0.10273113882097762,0.027026704717958525,0.04877969430513684,-0.01815392963414571,0.019182665526799845,-0.032645407865202467,0.09129534404804514,0.03175369805664557,0.03758049490979191,0.04341279827858837,0.015066347387480734,0.04506732740370146,-0.0532824334360181,0.05631021511652959,0.09865911007855506,-0.04184183500565734,-0.07591686154005882,0.029603464419547625
-0.03395608430407172,-0.05603313429389843,0.014916985792533534,-0.07488102918130529,0.03652897702973452,0.06316764136323831,0.017160905660659125,-0.0019700002037952202,-0.015559850848301936,-0.03696200487320494,-0.007470439267016822,0.07439002177129186,0.0818515098110915,-0.07083665194032863,0.03415989004102511,0.045507948381355356,0.07977977484819417,-0.02436156203674894,-0.02399609671346474,-0.05535231428574845
0.10798101910817981,0.0026252700549119724,-0.08886091335411207,-0.07421421495744925,-0.057197140666825706,0.12688036073906836,0.008127125715010487,-0.15744672055207148,-0.04527322002511355,-0.07590552396430296,-0.0028238856991969147,-0.002523016199843993,0.02130093933689468,0.02409432710027621,0.07628817840140212,0.04120560517742849,-0.055802426317162535,0.06375380590645131,0.08196334553706747,0.033608082179692855
-0.04453898390379726,-0.031623416308858766,-0.02554509051542667,0.03221415866992848,0.0740192283608152,-0.012653124772167982,-0.02563969248724979,-0.020565074140140645,0.07674129973447782,0.08027350372266065,0.03489759436749887,-0.012387281606891112,-0.04192080245445915,0.020688024784528074,-0.008170880077665022,0.032873108786722234,-0.014825445525356537,-0.036903413641624784,-0.06742347542991681,-0.002930257261958118
0.0629263477716334,-0.027110162064915812,-0.10275778281947648,-0.02018977297006584,0.03799157562370774,0.11124366144055226,0.022793094134387328,-0.10929964277614022,-0.0024732587086171453,-0.00017731050358537332,0.01185397068073492,0.07340896183177255,-0.042340490987140184,-0.049514191862296594,0.0621462060614775,0.07433332926692322,0.07467484097654542,0.05462532155487638,0.06298256334428393,-0.1440220479991393
0.017993734372002895,-0.044778180494485176,-0.049636900085030036,0.07657679911762669,-0.05172616159365537,-0.0022876635119831613,-0.018199189255692708,0.03335220041692922,0.06290937870304761,-0.025815299772875108,-0.0928462361532506,0.10970726716016374,0.008879161768414148,-0.03699173900755086,-0.018500299926283343,0.00839343128789123,0.016477742492131388,0.03566992757453817,0.03430325217828067,-0.04123860198017048
0.006822628534597275,0.06592207546649329,0.03974924949100754,-0.05168132401125219,-0.028537875026312724,-0.030806194175664544,0.009581747582348457,0.04556778688408163,0.0428026674621558,0.005103092338685242,-0.08855718649131492,-0.05211774852038125,0.09530402344003963,0.05145108762230197,-0.0015592363835413567,-0.06358031586977907,0.05950585658072219,-0.03244981260528242,-0.052018147060889926,-0.017552279269031832
-0.11068332454036345,0.0742438891504631,0.08122562744555575,0.07425818093298399,-0.005277710967883754,-0.11269461024586866,-0.07445213135505149,0.23247344378727375,-0.017580076591227657,0.03181047006188976,0.011046423951430014,-0.026592772142769273,0.0276402587960475,0.008768361359985374,0.061813380267898024,0.060699275646494744,-0.07895766137441615,0.10816489360654849,-0.013499296003823802,0.08667444525579208
-0.03132430308753269,0.010132114075302994,0.025563351609347366,0.004980428171902613,-0.04630068775794166,0.0004307450757461913,0.09888452975193658,0.03594172329396918,-0.054862853526699916,-0.10223794202327582,-0.04773408974111206,-0.006077835632408618,0.06500786612124083,0.004850965162409279,0.005381805874046948,-0.06804223014415309,0.0014427515722463407,0.05830615632783308,-0.04061737644535695,0.008697513225127415
-0.011951055551128251,-0.050512189521845025,-0.011299890259668514,0.03994812995959758,-0.03955870646551526,-0.0061396146192180855,0.023548152362243426,-0.04312719783750374,-0.013754329614846125,0.01284638712277729,0.016293836086688086,-0.0897839244682464,0.014989482026102304,-0.01746129527162709,-0.04329886143544528,0.05098729658000228,0.08983181487634308,0.021148847481640396,0.01988080827432442,-0.04677199531603956
-0.0875198309127576,0.017815001979429323,-0.03647860785301039,-0.02058179326171852,-0.01538267025024606,-0.07206495080501533,-0.024047900419226356,-0.0060476461328369995,0.007724307921261104,-0.04423067793227172,-0.002995551476948323,-0.03946839994400812,-0.06405324729890612,-0.041485156207368507,0.022499651806017967,-0.0059369904285956395,0.050199325770823026,0.06781589694217133,-0.04800660142677666,-0.0822870483422451
0.05769076525977583,0.0731008929867045,0.06849793551365926,-0.021806689149243937,-0.03529209014277164,-0.006041056279219005,0.03599082213898657,-0.03876259898751238,-0.06352771354967472,0.0429511945611762,-0.05419253212645255,0.03133433138183849,-0.060567725968664325,-0.03409640294661827,0.03372369163415278,-0.06593895968874348,-0.008333548233291674,-0.014616904361130337,0.0178203193365756,0.02088807159565765
0.055579549883309834,-0.006483110102271677,0.03797115769660191,-0.03349594815474567,-0.04200747983288154,0.03332583648456128,0.02280567952103028,-0.006936912459261583,0.03236142611375256,0.009220453665875828,-0.05412496283382921,0.033836103875967374,-0.047347753771176976,-0.05574658669908372,-0.02049521423097029,-0.007474043563836561,-0.004197135131020747,0.05832247424856489,0.07021018444849318,-0.07351822675137873
0.0807572032240308,-0.07302575815521624,-0.05107148050488962,0.01295633749274394,0.03070117555388082,-0.017142196935782478,0.07048034563027933,-0.062792067914552,-0.011107021426266671,-0.03782577855890136,-0.023924834778707386,-0.05473178233508871,-0.09274240537890431,0.006580940091275722,-0.018903083346200018,-0.0975628895402238,-0.029452093728181063,-0.10096307010189519,0.03587653008969293,0.034658442041516975
0.007590138239659817,-0.0007516298555780754,0.01656607118814232,0.028907311917493683,-0.005494084354186954,-0.0701684532889175,-0.09810221395759422,0.027778635249199272,-0.004034085895660936,-0.03578807557943373,-0.04348477384044901,0.027887690578025644,-0.0013773576526920947,-0.00699087995396654,0.05057999633525287,-0.019435658924828604,0.0039118016349581125,0.01998383719969859,0.020401897443648297,0.04194265153252708
0.042487952524157505,-0.06911722120835749,0.04173826173799242,0.013942521400860698,-0.017552497390719655,-0.07403399780200544,0.002300504911049999,-0.04454651786753948,0.04645424539643989,-0.02592706939969926,-0.01762715723798409,-0.007368421556346075,-0.08152303092768558,-0.004847684953758247,-0.04967661051813702,-0.013059399127112176,0.022406799870367335,-0.00496318377887933,0.08253502309096032,0.010850327448529349
0.15064722024248584,-0.06200967656701992,-0.028812612848788346,0.05617439160486128,-0.024845065802712674,-0.0055412288133153,-0.0447255159998207,-0.05365306949858291,0.0027644065991673295,-0.062448430209282715,0.04725616342590369,-0.06626616999296563,-0.04489770600651777,0.09306248769328807,-0.061272713555969215,-0.03677660664491526,0.10441454268065897,-0.027935143510953428,-0.01656099482210198,-0.0009687657185652531
0.0529183063936379,-0.007044880826695075,0.010061793845682218,0.05127414508859328,-0.02298899956071124,-0.0018869030342957725,0.04419040796760358,0.049281931035505024,0.005675075175242136,0.09077163496820304,-0.05149949558526038,-0.003547647473561684,0.051834268301044276,-0.03316852283055612,0.03535177804414039,-0.0178189201485546,0.025140584756607194,0.03869560814007745,0.04750918413254486,0.06040478708989498
-0.016410076475119946,-0.06708713465627529,-0.10307128802734183,-0.019417039171821276,0.05477100403848237,0.05514190106747284,-0.004568948238290129,0.00014635564261406431,-0.012076444909176602,-0.03474256260218438,0.0006486611147429083,0.09677865978040186,0.0175623544705589,0.09661282895464744,0.037723439065867496,0.02252560202585628,-0.03770581467263735,0.07279829977200485,-0.007568408619452347,-0.0006994835383052022
0.024831073391156068,-0.04764429432524434,-0.09465149294720555,-0.009368121548985411,0.009105606085486433,-0.09873239589331122,0.026251810748250386,0.030840287897796484,0.05863306516589019,-0.0707053766649488,0.02494671237590256,-0.03153513572316893,-0.10263694912113343,0.04829990016303168,0.018063064576350346,-0.03699153152348843,-0.007646567436998762,0.02338093897288301,0.021616899171217962,0.018849909900248735
-0.06022861926054166,-0.04817142525325501,0.08341543617872352,0.030429231325143018,-0.04181986473031728,-0.03226833706504381,-0.018379116990875098,-0.03063136639711672,-5.7031556146204904e-05,0.051929434129875725,-0.046657218917355164,0.07820728755628804,0.041658309908602247,-0.022035828639019796,0.01678574836134737,-0.09817847260422403,-0.019281948261154917,-0.020353717131300776,0.09585580406581273,-0.0457152556881485
0.04474145753250369,-0.05987322168586309,-0.007792675817315642,-0.03865247853906949,-0.07674247024822366,-0.0754954496098208,-0.01825890129933313,0.0231633369125184,-0.030405406108415797,-0.06599279344381204,-0.04065452375522666,0.08596181019508997,-0.027052159232370303,-0.06951722703859722,0.04945199774384817,-0.02346064394888501,-0.01569206526539895,0.0022902595486223717,-0.024112322779134315,0.043902781938974365
-0.04352467727465639,0.03316007457337781,0.032434208243115235,-0.001378442189380007,0.010485656864852295,0.0287270190069443,0.03503925620353745,-0.019848168757624778,-0.061818428878575526,0.027565620660347737,0.06414227537215156,0.04002098544794039,-0.002767922709997839,0.016917282392298016,0.005895655699059995,0.05622883072910696,-0.04744034542089973,0.059721314387845836,0.06021053633926694,-0.04051417945121513
0.04848907147132704,-0.09381289552293551,-0.05184029311848581,-0.011840805527029758,0.004871678159245136,0.05518661503271062,0.11512133883639837,0.05077899133114898,-0.010609752063499133,0.0003908214427706635,-0.08187868684155077,-0.0920668667454872,0.004093425568263357,-0.07571285100871313,0.013941834090022484,0.057770726688465945,0.014338455465148824,-0.009222042224429327,0.05052785505840807,-0.0953050331870139
0.007152543000367794,0.014877120050353332,-0.02514466999747539,-0.004705006268261093,-0.05737729055903055,0.0490626299609577,-0.0574930828171762,-0.04742947706535684,-0.005451097388558722,0.0518818255336777,0.08489940008867013,0.011593553579690566,0.04233524738257335,-0.09425518102719124,-0.039245521051812955,-0.030593797141488122,-0.005508535492108894,0.03291754643149992,0.006015180335254084,-0.017226875541289866
-0.010556754980308456,-0.01084973755412734,0.046606979497601536,-0.008119216858484997,-0.004644949571276276,0.06824457443557565,-0.024896205869450874,0.05449493949010612,-0.08471899224577319,0.014805905744250334,0.03292168327280216,0.11276293291964305,0.019510137227081326,0.06304878375258792,-0.07255358766135238,0.014542435624986355,-0.06448399832371143,0.02059192289710297,-0.059993163669175426,-0.005717186369403916
-0.04285071549021416,-0.045316624117705616,-4.511249009497222e-05,-0.05913858497340541,-0.010983227658116048,0.03872152879342637,0.006492893792638855,0.07829101613219536,0.04659862018512395,-0.08127879005299508,-0.06239773390086366,-0.06021835320773133,0.0013522312826382196,-0.02084924917804636,-0.01943500411639941,-0.062443950807666605,-0.02933146449805846,0.0878858370293466,-0.04802322558922049,-0.008407841334629318
0.054160491059257854,0.05365374383800756,0.038971008650852346,0.049401340738966584,-0.031786834893819574,-0.026579883496854684,-0.027478361535714785,-0.022817865247650098,0.05323195503855798,0.07700410590875653,0.09592819925512483,-0.0037462380606615225,0.028054270174541922,0.06905999419409789,-0.06484318229398268,0.06171272459412328,-0.014641346963123546,-0.061922157264884925,0.05275742357544754,0.01878670056694293
-0.017586113001703835,-0.004813416333689498,0.06690142339229643,0.0719949003263302,-0.08000855427303016,-0.01219719658582913,-0.008407527658073375,0.07826156334357605,-0.010109633585350674,-0.011302156954269112,0.0676586084266928,0.008207938347442593,0.033445435389344975,0.051353243445601826,-0.039757383395996514,7.739076703322525e-05,0.06297486012008073,-0.04499323278396676,-0.042784948533965146,-0.07416869726762537
-0.04806026270624912,0.04461403202766945,-0.0670931913174005,0.03141961031646741,-0.08315374328468268,-0.06530856887518895,-0.053720549850525226,-0.007526674620081067,-0.004095578426081293,-0.028365452273386653,-0.03786720604924388,0.0053535203231137906,0.02595864411406848,0.015138725529517606,-0.0796976943348409,-0.07283046271586303,-0.06231095398515639,0.04523577896057557,0.005848051237005893,-0.00045102838046321504
0.039578218749479255,0.008741608138123748,-0.08156351144121778,-0.07747623746166606,-0.03429293755563922,0.05101615493204772,0.016002161089151284,0.04000599026782631,0.01433865003519172,-0.044336813004155526,0.06969594809122243,0.038796419644540496,-0.01977726734016457,0.049331953957154125,0.057230404099998605,0.12465459128269245,0.012918988712105735,0.06994429889915768,-0.009717286011328838,0.02357050199384395
-0.04143529129043509,-0.04343817789229426,0.038474968275449155,-0.06754883394093812,0.0176902810951216,-0.08302486138870768,-0.053689676041280256,0.02984553683329573,0.013257250446986597,-0.041879251249809964,0.053891054171694236,-0.03591505187338335,0.047706410381855135,-0.08986350933392218,-0.03667043340485496,-0.043742492295200344,-0.023134179979436828,0.0644101190260552,-0.020743515653373516,-0.007335478500046007
0.09960986508371941,0.07449834431519274,0.007010121297825767,-0.03148214951667548,-0.12228789328928025,0.008635584009556005,-0.0321762403025163,0.020169564796778953,0.059180793782559304,0.015349293527756254,0.006116675005367947,0.060503610422128144,0.06859824280817424,-0.07199836218409257,-0.027723148981631206,0.06893303329824185,0.006065347977347843,-0.06269362572027817,-0.012591951709352064,-0.0011530629621081129
-0.04620589095471617,0.0319186651756626,-0.0034593158794061366,-0.00891580932944035,0.012625847811437932,0.0006420417349180958,0.02909872764024877,-0.023305147722818383,0.029640792826973236,-0.03337873715462819,0.0001483082029840714,-0.033598351216904215,0.08220429244745701,-0.001347708514248707,-0.04766922177698924,0.026093273445176646,-0.07343551415056078,-0.035287174110206876,-0.019546850194942643,0.015499820555902764
-0.0211066243735856,-0.045594313764036595,-0.02548232732565717,-0.07263117430488021,0.009824553523421348,-0.01248673513130255,0.043749814083718995,0.026535976118508362,0.037093970953694905,0.03687814879258415,0.07864831344743335,0.051241134868020025,-0.07816760128616428,0.025201021625858258,-0.06027889988327679,-0.05332606297100509,0.0031802849481341443,0.02435540677801231,-0.03020140349088557,0.0525136841277487
-0.01714943975170412,-0.08128611934569585,0.008511005557509539,-0.05842731469380859,0.02277700042863494,0.027118244321571235,-0.008105290075561263,-0.054366654187101536,0.014410587224672951,-0.04079284100142586,0.04092855276082581,-0.05445557173302603,0.040811799040566234,-0.028823793849916887,0.008457696356713309,0.03443029233049884,-0.018243810235119118,0.06495466720449437,-0.08086043172915558,0.01381192249117383
-0.08999814901005918,-0.05659025704742409,-0.05224854641733631,-0.03483484240245801,-0.013568898503146127,0.045354648894527165,-0.05068662949200953,-0.007999646695190639,0.011641021818679974,0.09145535219620292,0.037015820108122814,-0.10374381792171726,0.04707414098071052,-0.03273412191349929,0.011751270714686585,-0.05569164965121383,-0.013167963769273601,-0.03416688479206967,-0.019012084239111954,-0.013813309821505007
-0.04689065611041021,-0.07906049149608227,0.06925362870936226,-0.017748455374084746,-0.05362278294503201,0.04359557468552828,-0.035244172969972315,0.011412750833465811,-0.051151985527665,0.026449208371077927,-0.024931394564349514,0.1366208212664498,0.024012753865675734,-0.06755483642593119,-0.012155647026731024,-0.009668081621960206,-0.00037853447267719527,0.026875373802593385,0.058197056265877345,0.030428944829401776
-0.02222619997105199,0.027544990325790386,0.03036793247345444,0.030998392706407484,-0.06712054045192714,-0.03849223698991809,-0.1261218273862241,-0.03472835486305143,0.04234233561046994,0.032498421921357774,-0.01634080516830971,-0.08599815445646046,-0.06366584511327361,-0.010568508462744285,0.04113315447768956,-0.00042773137730735034,0.0360332987086456,-0.06179543780869576,0.0007206448890115806,0.003706795738846181
0.008317124805868598,-0.11020683506987423,0.06560647097626182,0.011055108218247432,-0.10975912561078931,0.03677928205653382,-0.06968943995334224,-0.11455200450624828,-0.08876382021277929,-0.06865810454237707,-0.03872333081540831,0.03991277163606727,0.03645621364875735,0.021298860942011468,-0.06713793624336133,0.028823540832131317,-0.05038006596270302,-0.03495386699306433,0.08391421702078164,-0.012785315563149522
0.026409263028683693,0.004534064296405311,-0.04293993265212887,0.0025740483397597986,-0.02361303448807029,-0.033385934849954294,-0.008560532602072098,0.02009680989763303,-0.014642930559012389,-0.07915459131448095,0.028636657686967007,-0.01276374358678586,0.016375888994791223,0.020503715301461497,-0.0038750384794472774,0.025243599522257867,-0.05350272651229651,0.01394611882230953,0.024014857547485394,0.04913594596819633
0.0028023177356053136,0.04822446659712367,-0.008376762746828567,-0.05084545678378214,-0.0026669097645905054,0.02067249202451105,-0.03210075779427182,-0.07901261978095914,-0.02842292263804309,0.08054210880119703,0.003413306352412374,0.05679094321841041,-0.06908801628171345,-0.08950416807246656,0.07926395504189755,0.02546479740940116,0.030572525794477307,-0.03935770511004346,0.017907029102772448,-0.0018014288698845703
0.03263410881108662,-0.02297834113540398,-0.06425900682911773,0.03368377845632211,-0.06972807177926346,-0.012233161754447221,-0.07362807900323155,0.043615025325416945,-0.07979885222561099,0.06196722855986281,-0.08911955270891993,0.03793103171895027,-0.035088509029880935,0.0724085627110629,-0.03918474297154546,-0.01524495792693338,0.01409515920202332,0.08766317738457337,0.06969135675060549,0.009204597823151209
0.025662037157861726,-0.03413505451340056,0.0593935623697199,0.0010593414129442748,-0.09847965931588862,-0.038779263712983895,0.015415156267413875,0.06569476428476514,0.02107541971666127,-0.02321039787776206,0.016301994258618276,0.011099587802182937,0.0523662616438113,-0.019510523874204714,-0.06738337930767019,-0.006307509832038244,-0.030705890680578437,-0.029624591598727743,0.006758162949375026,0.02704723099231359
0.029239054083813096,-0.0892714356326677,0.019313385026008947,0.029607891495883956,0.07483285360201758,0.029014790271597462,0.10230729153926141,-0.0031020290783377027,0.027149019766376327,-0.10084231038630873,-0.0056707240637209055,-0.01952420089660792,-0.020900611617153324,-0.020426361823859845,-0.006531191444312161,0.042443246451295366,0.01909915445674949,-0.03466396974499461,0.06624040609012649,0.00876329148845819
0.11008573794208078,0.05951095353983853,-0.013522264854075575,-0.0020065403240677317,-0.07463212789826956,-0.08852967893201293,-0.13836198481350126,0.07192591960809529,0.09801714893720338,0.006383694971853497,-0.040812007828754056,-0.1241185277503326,-0.04809079093308532,-0.023288468286591646,0.06861434888252567,0.02505038290686567,0.036701482128112174,0.00854405718344163,-0.021880964281227218,0.038880977479606255
-0.03005391889097802,-0.011039088002933758,-0.06727604064419015,-0.06282047874297202,-0.0501859365967605,0.013292199657517241,-0.018418688380707187,0.027190548043626993,-0.02209732377713643,0.03255023685290805,0.018859872590597345,0.003064009922155643,0.07658889665244054,-0.012838082307097981,0.05677316416068423,-0.028127469123041263,0.06771424032997055,-0.04551287515582601,0.06718791865576143,0.05226394422950169
0.027450180875085696,0.0105715891252568,0.01852338064218514,0.004335713711636272,0.023362303227302154,-0.023006862507875737,0.001790373910706502,0.005956227594780257,0.040025765925701465,-0.01980840015310969,0.04126439422932875,0.00950897739182954,0.008223508183447007,0.036058811051906656,-0.033846661309088096,0.007325278322546053,0.058451146232959196,0.06614085915566732,-0.03932690487373564,-0.10112194440877598
-0.009712343362773181,0.03224419109786682,-0.057960416015908144,0.02777840346693739,0.0617104570039228,-0.035701756865587714,-0.028822693701530025,0.00378097332616071,0.022961309957180206,0.04569237472671508,0.05401351155935907,-0.0044272988432114664,-0.05989923129091518,0.016705109108588617,0.02361688891544306,0.09927351589569496,-0.03780364713348669,-0.017312569630055664,0.028586341071709032,-0.009330546104921426
-0.0657107311445004,0.05519439653807816,0.07532685352876692,-0.0347966390938518,-0.028046331029623617,0.06300920825768964,-0.06764204418361004,-0.03811296450250557,-0.025672655289241234,-0.001944585144439258,-0.07443945865427067,-0.09320028859973084,0.003355085405250891,-0.0023490236741272154,0.007311209678631766,0.00797740154046642,-0.039757045075741106,-0.012166914481172176,-0.04844337584646855,-0.004819044945967728
-0.1083723005088345,-0.0008570510146269041,0.005548073582818992,-0.11217620020121556,0.039879790386599764,0.013387615203069166,0.024043153065456676,-0.031141296070020315,-0.12160031697235105,-0.033142042183705867,-0.0802310026149409,0.02190570038132965,-0.001595550691240719,0.05834561743094238,-0.031329123051027155,-0.05800014061947075,-0.1328451845235916,0.0709235691823122,0.0037592866391288836,-0.06596982944935528
-0.03690165559595839,0.03500047602208508,0.06935276927391429,-0.004893325845069678,0.010561398514787502,0.0014480522886100287,0.049887611993355126,0.003541453286629979,-0.006274801675993198,-0.01556321369558105,0.08196945915677807,-0.037662135958224145,0.009998148546780912,0.013022806434671427,0.027983119154751043,0.009685768889053724,-0.019721054086322975,0.012697447968179423,-0.008265065523171817,0.0007869818443196514
0.08699033527630282,0.0117237059427838,-0.03127965253810329,-0.07875361264400156,-0.007133232137649819,-0.009811913398227274,0.011770592788018829,-0.01005721235224417,0.03240008492696346,-0.1349616803865507,0.0034769119181337124,0.019083910336741172,0.006812034874211003,-0.07864416306692311,-0.00850421541821121,-0.01144923000023027,0.03692748514988141,-0.028168460563043004,0.0355735265758331,0.018212575964984132
0.0487012701841648,0.055862004931001526,0.05794271215222425,0.060453895778895435,-0.10609730697730091,-0.012735098300942648,-0.07546349774545971,-0.03201213326249883,-0.026137556313336276,-0.030963381900003445,-0.07207568375518332,-0.0008959820484700106,0.029447417351039975,-0.0696724115677875,-0.025415213272873605,0.005754193091416036,-0.07885568473153907,0.07069864993747808,0.07185246073324524,-0.0058426672567419265
0.025515359381071013,0.011350942801705895,0.011260788102736435,-0.008218668443683809,0.06411930913943001,0.029748105162485553,-0.009836009729321674,-0.044632445462528925,-0.05244470008808873,-0.003984045925988873,0.05598788660659658,-0.08628504984552304,0.039253421489347795,-0.027094895123735713,-0.07775603986317424,0.05678791915983677,-0.021920174358220405,-0.03298996614057726,-0.05836833576364423,0.017999602452829166
0.06734671440630795,-0.06093317358464519,-0.01320510559252197,-0.07693431917437414,-0.028505202584713365,-0.002738534542082577,-0.00827258235349698,0.03138270449085764,-0.03072233875567671,-0.10515562639927635,0.035312151476799766,0.07829461883849355,0.07188943700270661,-0.04724496173258696,-0.1083676565414527,0.022474410536386737,0.0166503570434571,-0.03414104272883284,-0.016011747018646303,0.00754343371682051
0.009990076766928759,-0.03289787576138781,-0.007271268857250391,0.04235809538646698,0.02059606258156599,0.02051458619267513,0.10256408848753686,0.027532240062106177,-0.000963339197526775,-0.05540930065411992,-0.011987949399210097,-0.051397368977855275,0.019073338143190077,-0.01665902194022213,0.041928936289323475,0.0032044851268657995,-0.00547779663483067,-0.09160357279149758,-0.035646601366343005,0.05764929313918302
-0.03200372260886688,0.005641327641452516,-0.02449848166553224,0.017624657325512636,0.009012292955663066,-0.04671001580741486,0.024519127821682973,0.03281084765388261,0.15638333161271925,-0.0026885190959601408,-0.023107427783503744,-0.045166663745598766,-0.04288718914742683,0.052493186715200674,0.01810809467411692,0.016092221497524654,0.07617491202421346,-0.0005961955229265945,0.07053388148517074,-0.0002837951327800654
0.0013918872045742086,-0.047775140619636704,0.010560842712043004,0.0324845309808323,0.07888189781232359,0.02550232945478967,-0.010572183537772645,-0.03858160308661557,-0.04284116582943957,-0.04623885898452669,0.022108661878552954,-0.16674597694078983,0.0588593909936284,-0.017921840301486892,-0.0023238846610694527,-0.018731014395355513,-0.04931848678615677,-0.09377428066876851,-0.05628089171613921,-0.05084508131719841
-0.05882180225509211,-0.09823356890327747,-0.024619312976330267,-0.022675439286714005,-0.05377720941696303,0.10672456950791144,0.0025137992257926135,-0.01507639335841303,-0.05659784338380354,-0.00720088984947005,-0.02244971619898464,0.060284737071030055,0.07460464227990145,-0.008346722017902253,0.015988313835504715,0.00967257110718077,-0.061158355700004316,-0.01552235253620691,0.0055614730673832794,-0.023636820123927524
-0.10370407960057484,-0.05882924831869013,0.03130597493839189,0.031476945884834115,0.013156374906343686,0.062139365687724726,0.07208329972606685,0.017986685268193813,-0.07082145871726517,0.06545361584589332,0.02031820656706638,-0.06072035544702313,-0.04145388255343174,-0.024706643125987193,0.006055680752675353,0.057620450573363034,0.015165558645958088,0.0544029376070211,0.0166277415406117,-0.02582655708025687
0.04096937563679419,-0.007566218140326371,-0.02775383193946929,0.04390849761606021,0.0142464391308992,0.052153415654268655,0.04777231440389221,0.09526227794466145,-0.034630645223870264,-0.04120648614429926,-0.07933333354596128,0.005623676078297307,-0.014000346838078371,-0.0680497550312441,-0.0015695432977022947,0.012987077543871968,0.10158611970093824,0.10816311954830947,0.061122673426393825,0.008371128672914839
0.054145100176712334,-0.02281722698345296,-0.022230867693169707,0.021400644600148296,-0.031424254267053885,0.0674646637983626,0.07609702269934389,0.051167744011019714,0.004786075356070961,-0.0965293422407265,-0.012334592076473043,-0.014551228805721851,-0.0007580643836993004,0.001705905333678606,0.0002589445488029098,0.025258872313308554,-0.004344043972862812,0.0746519384698663,-0.04664072231960051,0.02210456159650171
-0.048485279580254705,0.02981610198366081,0.033037238992535724,-0.03723457790218442,0.06336412971353184,0.02084036045040375,0.025766414445262644,0.06636011882393843,-0.007569991459836007,-0.020651320382019955,0.025238698146231628,-0.04225178452085217,-0.04564401689980582,0.01573454617893153,0.10316974578625114,0.007815376680484518,-0.07263349081649549,0.0918741979577101,0.10524329737674204,-0.06013676219029162
0.006389899291692949,0.00018972172678544913,-0.07705356162612723,-0.00835871581874166,0.05500132809129092,0.038014231684465556,0.012393313380475253,0.10755572971891288,-0.009867829547491477,0.04881769214577005,0.04168702790703113,0.057044152576202115,0.03866042667895343,-0.09103924196696143,0.0003478634935098817,0.19049722954323423,0.010621909028978546,-0.03342642508315574,-0.06079814044859386,0.017520075282001973
-0.006200536798356383,-0.029673986326872955,0.0033582259842817757,-0.07434239802152551,0.04131403507333157,0.0031054985886122635,0.017661627654079397,0.04244956230970122,0.06605620426414335,0.003271850525151228,-0.010792795942013239,-0.06291808482991625,0.00046885782563124896,-0.031280209374943566,-0.07882601291133776,-0.003383813025042337,0.05754307199606782,-0.020915999410572327,-0.06471734458860413,-0.0019730501529981732
-0.003330275443462124,-0.0007143083515006755,0.06468347799747137,-0.03604985279363069,0.08616232742926437,0.0003265066911031218,0.0699917580437185,-0.029456162380965153,-0.059706082555263586,-0.05123582649183381,-0.06717416091574842,-0.015934756443446337,0.10017696690210683,-0.04111335230866863,-0.020359666151199347,-0.02752507546883286,-0.0491180090373277,0.01196667975056732,-0.011017123453453263,-0.005507529199629096
-0.03427616004172367,0.05742300787638167,0.047041952370458356,0.04648854916818622,0.034825772765403745,-0.020956310727793994,0.02716778860789311,-0.0409300971491833,0.009143228245322545,0.04018231153693092,-0.005405492843179414,-0.12590712283537409,-0.0034072950296011924,-0.005505571821144548,-0.008340073042410311,0.14377430247125633,0.0015439158112444831,-0.0480496190267122,-0.019170586982579493,-0.05401363378822328
-0.008618884349957232,0.05248950892164566,0.023317149567254676,-0.02507616762792204,-0.017028902040763263,0.07062815418482643,-0.06602640473407206,-0.05266499837958799,-0.0022035968434580156,0.009072714696710902,-0.025931728196831996,-0.05945036895756896,-0.022170399187808422,0.011866616064823246,0.06662327253750633,-0.0012393380337441175,0.0803940788620955,0.037615215228322486,-0.019471925762099874,0.018205740777134646
0.06974713298379043,0.08400040503132614,-0.05921888728499696,-0.027644860153496636,0.007656659211060041,-0.016915562817008196,0.021856826428138815,0.12546142898012114,0.03868083423512197,0.010480604798606713,0.008568354703442527,-0.014576010685351783,-0.014841622831426511,-0.01569603918612578,0.022475380679459863,0.034362682936162486,-0.05110633133535682,-0.010537089908853138,-0.01866870303152528,0.10036650396033858
-0.041194772469758674,-0.005664001324294186,0.08585299125957714,-0.07824397551091576,0.016447646879622527,-0.007902789802711228,0.006186356029808468,0.015240257227749309,-0.02661705643453245,-0.029242471311216996,-0.01782789436630204,0.05332695057864948,0.060044201823544606,-1.789607266631816e-05,-0.06143729893171847,-0.039399573841942113,-0.016934593422230308,-0.023227635547048524,-0.048141479153495474,-0.012147548204173731
-0.03383753177663127,-0.06393050307721916,0.028473422298551626,0.03185481625872944,-0.0688896636909633,-0.003096115175662546,0.01707583101001213,0.003933302341920182,0.03602342432645864,0.05864200578356475,-0.022222407422777247,0.00305332758056758,0.0922138336638875,0.00019378427882258125,-0.13019209595259307,-0.005504241260818024,0.0003024380249840404,-0.08365804949748314,-0.03496246746645084,-0.007501519016517967
0.03955503597334614,0.019689734632299418,-0.027224432907968707,-0.010353567604746289,0.019036334275388655,-0.023126847754727314,0.05451758481726944,0.09967716444729265,-0.01024099425908724,-0.012721035125384753,-0.017821687867238135,0.010400621949397374,0.062326865203427124,-0.07485759296337346,0.018279605944299147,-0.010157181594832507,-0.015195469637384808,0.05552793127155185,0.05347828366919999,0.07571057667769397
-0.05972786434257104,-0.042076285768700185,-0.007445103231341389,0.01600059838275312,0.017008320029173477,-0.019537550892548078,0.10319823636610317,0.07647265513494932,-0.04948645135125691,-0.06266099426568153,-0.08077483164617835,-0.027621458465384725,-0.01150238128904068,0.07240622048611473,0.021301699688429765,-0.0807699365019549,0.005414148033328478,0.04694537735398843,-0.05179240004331081,0.013013570214053366
-0.08715554163097483,-0.06388471369553052,0.0351642459084497,0.05347358594195571,-0.007314681204299983,0.020104657489765716,-0.03450967026756881,-0.00996531758890779,-0.03470534304827042,0.08020868427253032,-0.02625618545286612,0.08608389773487342,-0.03499402827288243,0.032655906514364536,-0.06328801913204403,-0.05286832161766141,-0.11742815560965372,0.015526493011250806,0.024949145075105653,0.012003338950232574
-0.013218121469676596,0.020137851259005638,0.0001474101352684932,0.013905718587997941,0.025528381828187553,-0.07092120237854534,-0.023929863969141464,0.14181240108191895,0.033494144463582655,-0.014829681102050024,-0.02235904743335113,0.08717468561102347,0.06651679030038936,-0.01213207161392615,-0.0377503012366644,-0.11178893012244996,0.010608149529018505,0.04968868742951102,-0.07634879909972159,0.031830752653617615
0.029271622250570267,0.06739063434526862,-0.09695914855719948,0.046557141990425426,-0.04409595559693247,-0.009886076305314538,-0.0921440449639745,-0.001932344691668559,0.04080651657165106,-0.06979157836307257,0.016836916286408498,-0.030917083139238546,0.07329087087088645,0.03485886829775276,0.07691737302527964,0.14249512184345145,0.11296456871285163,0.030497424114976454,0.0027085324506498257,0.0021758107081967276
0.0654748146263134,0.07252885558858796,0.026490453777773825,-0.04230331949980967,-0.027683236423083853,-0.07978235028564659,-0.017992841604569234,-0.05824601685999559,-0.006454711704848331,0.011919384992345421,0.01081524356296838,-0.0538721211644921,-0.00725553064068775,-0.003972452515537027,0.031120698939353753,-0.06271502508486626,-0.04293769008412738,0.016724460508370734,-0.07476422076705375,-0.01596228358540179
0.09121368764813292,-0.056968042343829524,0.04554037471384176,0.0008620032250124184,0.003162980145356254,-0.019858166440667985,0.012169382904150908,-0.00031069407429118646,0.1127521430230261,-0.006319512648113417,0.023038108013110334,-0.0013339747965464915,-0.03241376538890756,0.048994731884843566,-0.025502076045977776,0.02157450350103268,0.03461667835510494,-0.023064353572703512,-0.013945541564085133,0.008962566136751775
-0.047384911738260635,0.10643876976869136,0.10345673953799846,0.020533894322132904,-0.035319784455672486,-0.07614788320428767,0.003949997984053881,-0.002297303947557631,0.02709028246145482,-0.03174413418132934,-0.09055242471288677,-0.06683909443024125,0.028744024535691404,-0.014438776973955339,0.08318038582820644,0.008572368269366215,0.010654199684915672,0.07483572640977551,0.01967793186994747,-0.029560099953222677
-0.0038253165329283256,-0.07610874842733861,-0.026404607352276708,-0.00910689226866782,0.043231459726262696,-0.07163977957618266,-0.014815607642912551,0.0017670878541954367,0.023525615230358985,0.1071341587385224,0.01393328882942346,0.04795742682755646,-0.006635554939081518,0.005428028985241814,-0.08042941420583029,-0.040456848356306085,0.01901583307435696,-0.01964250512249237,0.008187883605482744,-0.01767206937789647
-0.016589819498198335,-0.0610755871080333,0.029700722838793187,-0.007053412006221556,-0.08542683678476437,0.003085748918330746,0.0040054490027637835,-0.0763695629386652,-0.04506668345803876,-0.04755454867213696,-0.04327926038697848,0.02604640352282804,0.07074246311479619,-0.08531453536620717,-0.028051851718857698,0.028054186458135354,0.040716030867063574,-0.10194824931350757,0.07125509860640449,-0.013195395453813343
-0.006769317162814759,0.048041478150052205,0.021993567166849432,0.04380473115766377,0.012375761118299843,0.06654337420976703,-0.07543563909479054,-0.03171543063734294,-0.002579781062959137,0.0010127830620476346,-0.04241679399977091,0.02141704370120893,-0.060705085012693345,-0.009125068006912726,0.121450544652703,-0.016419865946977294,0.026851074830806343,0.04617555002794915,0.041872925951904956,-0.00727326790441682
-0.04681951407515614,0.016334516653412588,-0.026219288466014075,0.018897448688705437,-0.0013312652815058944,0.027526996488325586,0.006959677288081335,-0.029965906088058193,0.053704071315923606,0.0419605522267679,-0.03833485219654445,0.01810602289348839,0.03165604345643104,-0.07085084167458978,-0.015561387541217556,0.04086906579972236,0.0527812815192826,-0.033035139230455604,-0.050092285444839235,-0.04209087161309918
0.006972871598717778,-0.15487541991197207,0.0037870370311421466,-0.0011148528220945762,0.10287013448124196,0.03941357903281451,-0.020117243417797866,0.09298276592916646,0.01733158232256202,0.020643723922004753,0.02546851829034191,-0.05971700655632999,0.026110394098333434,-0.03405550073712435,0.005991576913840095,-0.03465946032319854,0.024328781310292726,0.04056438974868764,-0.03395868346979389,-0.03506579476992699
0.06506142767006054,-0.08995180255527206,-0.06351968645266402,-0.0027083131746205484,-0.0005273653997707092,-0.012423484786117413,-0.001114866560424047,-0.009734430668413634,0.12049291104487372,0.11905502078012621,0.0995024842675604,0.1132007489032992,0.02782261960628038,-0.034549506631433455,-0.04863159202954919,0.07359378489764218,-0.03924771991010657,-0.057939923133998636,0.001014808270716097,0.05001961784480431
-0.05410363535241207,-0.029079821065992256,0.1158052740606654,-0.031937430252538576,0.08241917791854515,-0.024947392209032755,0.06893913214743506,-0.07466178291222969,-0.010293690318250245,-0.024040733435958334,-0.033237065220222815,0.0037043254021511033,-0.0042245061785492226,-0.0765348495263035,-0.029974181241607768,-0.07006668765459916,-0.028584582647284053,-0.021030381641918058,0.01297535837842305,0.005319559544037018
0.023906244922168654,-0.0026870021889749958,-0.035851155838316384,0.005810081746849891,0.005632400246016416,0.0986285815819968,0.03948799422939306,-0.008847368793454073,-0.016795004295864623,-0.01103630179735352,0.026893011422911912,0.008565015268167235,0.049321658001568416,0.020941862456781424,0.00561434007557437,0.021727524634467386,-0.008127672158140949,0.057741788140581535,-0.006339921768342706,0.0023302823322482206
0.04735923190676388,0.06256383149566788,0.07554853178140081,0.03857563033037619,-0.06295966716265082,0.06899372751603368,0.02550525757973182,-0.07881890132147178,0.013052663365437638,-0.03328300335669204,-0.04078298016406319,0.029145752590210582,0.02175597225803194,-0.0469905991989174,-0.030406949098000183,0.04984718166283038,-0.014725170793610288,-0.0011371101083608533,0.012653161900514,-0.004581593713472298
0.016178849837227696,-0.011838662853785693,0.035118552033533146,-0.00010748832434360685,-0.03338221741866193,-0.056715808602679316,-0.07852641890527877,0.06417931120816224,0.03300513919714035,-0.028305651059026115,-0.17536512010985997,0.03776935595925233,0.026449946294746826,0.048404636093967536,-0.03535527429859398,-0.0938139161253688,-0.018679767813010045,-0.009148427936956617,0.012951564155725882,-0.05074214238974076
-0.050606459543324725,0.018850674297575528,-0.013532251703278885,0.02107478042049722,-0.04796685656240041,0.020012018848770803,-0.023795951954346688,0.11015415171555346,-0.05005419192357502,0.0070978848723755915,-0.009500637885277186,0.023729508582202304,0.07275541423478368,0.0011491093092650603,0.10042064713384352,-0.02037874272976849,-0.06525244429768154,-0.010722988687747726,-0.07889923038277122,-0.06946383890037625
0.07122748381310018,-0.021651483278225754,-0.0272671297286357,-0.036167035485718216,-0.028406229729542022,0.08625317647015182,0.04773480348897525,-0.07564093883421506,-0.04167343934241628,-0.0005228944612033455,-0.07926957591238011,-0.0019985677097738162,-0.028074522314770957,0.029884861799931384,0.07460690131204889,0.019723142069155226,0.03218142996803704,0.024667794662842475,0.05291259212998249,0.006853937812637567
-0.014405078237796189,0.024257958513824954,0.06515034062386117,-0.009573514498864748,-0.042722793701932674,-0.002215469629911306,-0.047007515293858645,0.02160984170138789,0.07377648040048779,0.02452840077793138,-0.004324638434615117,-0.06681343734869769,-0.018369704234010752,-0.044404950939046825,-0.014927746803409506,0.016510968750364903,0.05731305007569722,-0.015904759675801714,-0.009644773714045247,0.06451511251486083
-0.05890019053158683,0.11320816582798253,-0.04091700177278332,-0.07717136051478919,0.01567749030767928,-0.07481796622508549,-0.008459458546534283,-0.14143999790039785,-0.08330034006837238,-0.038153682986985356,0.05134183369896525,-0.15906563642102411,-0.001561967119606805,0.1103545469623527,0.021165229513235934,-0.0197139401110101,-0.07238029793269302,0.0010237339952275716,0.07809279294077368,-0.04943594782372128
-0.05406326395914227,-0.010785798448624128,0.03544292229677147,-0.02289308200845736,-0.017926797870258363,-0.027164271064878925,0.052059867979816994,-0.042516398215604434,-0.035146126668199607,0.009821134961012579,-0.014984132087253067,-0.09444804378735007,0.030520666257811836,-0.05483785248652558,-0.014095787094624621,0.04106672071556696,0.008799211191597945,-0.03162546567488261,0.008205191561263469,-0.04536292975632171
-0.03712258429019721,0.06845220336109474,0.008358486006911527,-0.06704657323424557,0.023207062003878048,-0.09081373297266622,-0.027196420315769302,0.03667573741571936,-0.004137610704991334,-0.016652121780473296,-0.03045912679282708,0.0024984190565566365,-0.004568995559123693,-0.02520585009167267,-0.03448877630521452,0.020446976924580702,0.02526402068755166,0.06613708560316964,-0.016391335280825828,0.03267317244884805
-0.00035289687807267295,0.007295240112895488,0.012313081030581844,0.021897159323441877,0.01776748326961535,0.023307458253165568,0.11466777023569862,-0.03584207887018994,0.036413487298650585,-0.02695558854584436,-0.11315261871621274,0.10415728630945512,-0.034865799877481674,-0.0009857245998000307,0.008585508991029694,0.014309853902630983,0.06819107406502074,-0.09812844019747743,0.06991517306463316,-0.06838030941995948
0.02593882988759034,0.010276073986833646,-0.015321643470605707,0.0743680825931615,-0.1099162364509218,0.019657419524606156,-0.015066847149593748,0.02216425528100099,-0.05885318201971659,0.08852095079987131,-0.04494457168997007,-0.03995885111596042,-0.08792673443211099,0.014208180091977453,0.03551098631488465,0.07979079302048166,0.025783143080101226,0.011242955238012773,0.005268890795037469,-0.033760597793245056
-0.06551599238749063,-0.10682920501693967,0.08229600164463288,-0.014076985583033762,0.005871481661713722,0.0007959114795468278,-0.00947817863751009,-0.01718371596056438,0.06223403550474564,-0.06792001143163427,-0.011353509242131679,-0.04643347344955903,-0.04543474229017501,-0.03558141584227546,-0.0745899219578253,-0.04358366838168833,-0.05086823109308046,0.06544275423114133,0.055752604333990756,-0.049193747487034006
-0.07654876738174636,0.09302861287699649,-0.007085393167645232,0.0402350770618365,0.09571064395345005,-0.004236551673754149,-0.03859305054579808,-0.056120380252870666,0.11130325901918121,0.08333984745191451,-0.032108110439493916,-0.053247603015254275,-0.07331591535126963,-0.011809464359615107,0.03973082488004565,-0.028309420452812317,0.06894097555996435,-0.02708495106087311,0.033559310875247196,0.08786241326287422
-0.02046803177079295,-0.05784505630859836,-0.0103030797602334,-0.012135736843171008,-0.006778782523399681,0.06347105457859853,-0.050587638461547506,-0.09333225001378762,-0.061039548457111556,0.022198635990968916,0.0184236407275077,-0.06033970332035554,0.05229983138141547,0.010537738369214745,-0.08959139307757112,-0.047067643061695044,0.011631816082510914,-0.09715941600592211,-0.020156164871541506,-0.034593713920370625
0.02691763914792338,-0.007165987950342969,0.027535291711627653,-0.015894148644358414,-0.04067277670189199,0.00720018873875355,-0.13349325014687594,-0.04322796790850564,0.020226710333614267,0.08954762787500357,-0.027456980026409925,0.04838685191697071,0.014834070513507996,-0.005236304879543376,-0.04154622579883845,-0.008760454599291126,0.0757591179964386,0.010405154100284515,0.02149993527036594,-0.015162891519544915
-0.11171262931565815,-0.03945539409174473,-0.019640050842643916,-0.03407603755639721,-0.019103460556342582,-0.001368187678105272,-0.012878071796504057,-0.0065653693083947435,-0.10869359231000458,0.017963338955798155,-0.005934390388672121,0.012586363983742278,-0.004808623613135308,-0.06964286795690101,0.01862422524334651,-0.002779225271493005,-0.0337466328880235,-0.0509166258238695,0.027865953426294415,-0.04078019871605906
0.010343779913933983,-0.036273566104558265,-0.03833627910862578,0.07725016678933985,-0.16628070672675654,0.021844612812475846,-0.0171098173873121,0.01678840207302431,-0.07840480173533133,0.024446907933337307,0.04382615580393589,-0.01712880651697175,0.03046532618297344,-0.055032864077261205,-0.08136775567722997,0.031778518960117574,-0.06160977076583255,-0.07249986538765676,0.036092428605074986,-0.00015219756883039898
-0.007280352879882047,-0.038814445584826766,-0.06380701112777071,0.0039015750260421945,0.05906576792515469,0.013829475942569523,0.04779696453840512,-0.0012780681314254626,0.02024617961064121,-0.015651298845717393,-0.04246073081967262,-0.11355189207511811,0.008606195297052713,0.055786886585775596,0.01583451654234786,-0.12568761150755414,-0.007993041121209708,0.0023162006265776344,-0.08776154932447967,0.04087182674760546
0.042139624929318914,0.03789320363494965,-0.06741921015750026,-0.05888980816019626,-0.031859599649228756,0.015154115949741667,0.05154280334840952,0.0008921322825310186,-0.04833879100528142,-0.07085772054415103,0.0012522932309917603,-0.06174470314106724,-0.0751926888093929,0.003547798315337507,-0.0044809029896007175,0.018090187182133538,-0.025262900868831657,0.022279056083775294,-0.04900651767899703,0.04643441717078032
0.04886319993805084,0.056212120704274046,0.03590319332497382,-0.05591192206782447,-0.04622992041798051,0.11265965306578694,0.12035629860889767,-0.07044912639154602,0.006642873462276915,-0.012229808754307642,0.055412396234795484,0.05023151405416605,0.007703175092587459,-0.003612471887457475,0.04482071432211734,0.0716152133551327,0.05236685273897711,0.005483868694645974,0.008201705717910117,0.07218894671811613
-0.0320624341745048,-0.015575578542148708,0.04687636293919817,0.00369773239999615,-0.09705807982953157,-0.011530441672442068,-0.032079028294156466,-0.05707841727504953,-0.03296709857485094,-0.02442885448729389,-0.035356975731095676,-0.04517034896984904,-0.04591054093879386,0.011260233636453525,0.025070762986222545,-0.08162385318438575,-0.0015383472414148822,-0.019061342430327716,0.03927363326259818,0.06991434036864128
0.002477992575162987,-0.02633001790633006,0.0024319649571819895,0.03924433017763901,-0.024138827877232663,0.021374856078398626,-0.08057490738763373,0.001292999172625113,0.0004149962618180274,-0.13055771289115686,0.04527206340980142,-0.00760899470859332,0.06350693126576908,-0.10894076715346102,-0.026039112996408553,0.035304291514800336,-0.07740517008174386,-0.023103672813060513,-0.06429692318406127,0.024565838078880516
-0.023341683077158035,-0.023770228801143895,-0.030847814763975495,-0.05216087772772897,0.052338217306575924,-0.1174043822231667,-0.017889820601534812,-0.08559091434158678,0.024800259917771187,-0.07869314910710372,-0.01325734712099851,-0.003920892438580205,0.01405920302548087,0.03219948431276538,-0.07199861117238263,-0.01206474020843135,0.011090531703453631,0.001916895131452387,-0.017277488709257487,-0.0059768518941725225
-0.01928520027194858,0.009512400410623725,-0.062487553392247826,-0.021540590461236745,-0.009345622651837757,-0.03850181634942776,-0.012648249257701475,-0.01101915629505475,0.017750830157856754,-0.0626767173217751,0.003584445599201746,-0.027044467653592055,-0.10312772408693069,0.042486206070863966,-0.017252665091810775,-0.09021914361953197,0.061663476667564145,0.07545709160120627,-0.07201480945412603,0.003590265193307463
-0.0803917248125651,-0.05308943001151627,0.08076058188917111,0.0912799793916563,-0.010949923725248235,-0.14409072500897074,0.034412451578825234,0.06842708565670066,0.07622427603328029,0.05145644311952231,-0.04398049504843821,0.011656376124087356,0.0383406143780594,-0.004799902072468623,-0.043448872343046764,-0.03496843193112437,-0.024072599188908774,-0.08733579707525148,-0.08688935341771234,0.055571307397421686
-0.02249684423201613,0.036658028015279495,-0.03872314673021314,0.04334330945022048,0.015785342635424925,-0.043516440830510594,0.026321407584832673,0.05613225234185287,0.042956348048487344,-0.023638372660044902,0.05395241073881529,-0.0437284538552299,0.02480794359877257,-0.033197127316693734,-0.0256976967065095,0.07159304265666286,0.022909218616367626,-0.05254909807517765,-0.06854426167840247,-0.04125963593439222
-0.023787702919243002,0.08735421734407979,0.1077220809226125,0.09257054279289353,0.0281298912072986,-0.06265231372918949,0.04234036231272938,-0.04200719805047604,0.0019551523297494334,-0.03482278307773963,0.08624704750789912,-0.03626576328762518,-8.287426364291083e-05,-0.0032958130118122897,-0.03251421855031503,0.014477138659904923,-0.06420950868272979,-0.02799820218209203,-0.08656812469231667,-0.057508096994707304
-0.012666179496893746,0.03841375522110691,-0.12993537081571016,0.0383484975973359,-0.005880911131380803,0.040424412690940686,-0.03631769426609269,-0.010242084497217441,-0.002061760618296013,-0.020829408564907677,0.004445172803605057,0.06486620839198767,0.09602045125294949,-0.0568090389978704,0.10544563148840828,0.04209938871927812,-0.028119766316874392,0.02583050344844887,-0.04272304481452165,0.029367056618345357
0.0546277769101825,0.0026843175071767054,0.04362844687870845,0.07325119123443903,-0.02979240475909295,-0.05243168935657989,-0.00434926140184682,-0.05932022910093377,0.05384897092047164,0.035505349790652924,0.04994888982692929,0.026797157682127995,0.04768703778186595,0.0243861178032495,0.021842440777905488,0.14298830777906277,0.009305176285951388,0.008502562713397324,-0.016109213692342392,-0.02933379098547112
-0.04274331928997087,-0.0031096720819736544,-0.03136696399487932,-0.03273121678628685,0.017546592442513914,0.029206977167496952,-0.029765456796991056,-0.016406283755060744,0.0014077381689174282,-0.03858688071640701,0.06288825349986227,-0.01681316180217467,0.007410285455657836,-0.015896198134978726,-0.06881550542911705,0.037623745566772844,-0.06575717351204888,-0.07251111305339027,-0.11058042767792267,0.04819090045315311
-0.016638943150473942,0.12569705033716372,0.021822525430447347,0.03280466863332574,-0.04375102750301133,-0.003901245059121064,-0.012393776719756576,-0.024286146929413697,-0.09754627610961289,-0.09944604568320009,0.05260327574799103,-0.01439300727376703,-0.0004564450204860646,0.013323019361585524,0.09844937070705338,0.12344081703732114,-0.07113609782275612,-0.03341880529389039,-0.04389279355511161,0.0067599171021243895
0.07813534174484697,-0.10355085038825257,-0.02549810496579189,-0.07117291309012011,-0.06950160629149431,0.01870776287331861,-0.0428467893908244,0.022423310970659263,0.08178604012498011,0.015988781366325443,-0.01935140615669006,0.044735712714202056,0.05426551056001951,-0.002037961917678574,-0.05873294113505916,-0.018193281488828372,0.07093047425662787,-0.07427259352398995,-0.08974185957209929,-0.019083215510040562
0.01970046336388352,-0.04045874603394763,-0.011660399068209419,0.038266091764358426,-0.027410234302038008,0.007264195211007634,-0.14618754210828652,-0.026407053720265455,0.03486561416958542,-0.013753793782981603,-0.00954096016160174,0.04276075904852577,-0.006717531881930364,-0.013080125948736417,-0.047178405911764205,-0.053364184933109425,0.030703263645687515,0.02564055726670393,0.08218227528537701,-0.08378981606687101
-0.0374244552781151,-0.019372988509581746,-0.02299850906032518,-0.06592743908845418,0.09613931146157574,-0.041618839127550815,-0.026039420739950043,-0.018309083622346296,-0.05806985949007478,0.0014476853047462619,-0.00909653514498246,-0.07400394080667194,-0.01329410955538354,-0.046606691886014295,-0.014124400572438548,0.0010933583288954718,-0.11014423648989985,0.052609989364428206,-0.037557267552848335,0.001222779869574376
-0.030147161283605197,0.04094947169147368,-0.05353126426287448,0.03909342171717518,0.015334316165285695,0.0639046510030197,0.009529678244420962,-0.019921206567304898,0.08589007190675113,-0.00714712150405456,0.030197371338523588,0.0054484551958436656,-0.049472910723676995,0.03163102547210675,-0.06897727648201171,-0.03595828947935209,0.09009613741809933,-0.07594916928594436,0.03854274902579729,-0.0562691975037667
0.008641120814433608,-0.11553562412849797,0.016407258414494502,0.06018655625283663,-0.04320429750312011,0.03550040980059873,-0.011834658932600823,-0.02250441212719878,0.1279014453705123,-0.009911025792758902,-0.01988966888791117,0.037146126851274934,-0.0024617364122735182,-0.03509508443392129,-0.10518703666339933,-0.08866983296983336,0.010185776101144557,-0.01606637365005299,-0.04814645228402058,0.012764641050449834
-0.006222296705305825,0.07525164730092175,-0.06867289316486548,-0.0052820236579028505,0.025064276846786505,0.05934591241351246,0.01794289867162965,-0.11376694819752933,-0.08144374493629428,0.07268970523643807,0.03006349365541072,0.015959042482512283,-0.03058298914173476,0.04819026824721431,0.026700897044187356,-0.0006184146840503692,-0.07194115220781679,-0.04547241488956374,0.05249773642337313,-0.0447701850118209
0.024365375859877542,0.01785911920675351,0.0039159604800607815,-0.06574743047193787,0.016388516215152867,0.053174062067568535,-0.02744466747289788,-0.07037955988827174,0.06449800367588841,-0.03875125532822453,-0.020927602071102957,0.08593013701431074,0.0430688689666053,0.059670510475941275,-0.023718688582899553,-0.016262292688062237,-0.040446160514878156,-0.04560092267609972,0.05575786096816052,-0.03555216029685336
0.08246325457415075,0.004496342047445609,-0.09102667085537036,-0.03951044620386986,0.040232196636194324,0.023332303909164614,0.021768252709248627,-0.1420213825525016,0.03270615503704918,0.0744786831980782,0.08255808619417997,-0.018920007298647342,-0.07789128030370088,0.0033396758941843783,-0.07404076479611153,0.015260968243893143,-0.11892882097186469,-0.07385964355404806,0.0779197835244781,0.025333959927511335
-0.012932923400790617,-0.06843396990538374,-0.040151203658603356,0.0462732418505682,-0.07118327960478465,-0.010461011371372475,-0.018649175923384897,0.11630630528992457,-0.052709633687883145,-0.032131555623665375,0.013898751436818145,0.063790614380399,-0.044174853300839916,0.07065549838227347,-0.04615745549795926,0.014113139651406054,0.021641015704355112,0.058370405772748775,-0.021710453288120143,-0.030816810071398245
-0.014994429569486512,0.024421526031004514,-0.04189540169290404,0.01755786319566818,-0.018893061203856875,-0.02483172403257706,-0.09683271484328658,0.003121635980180394,0.037380415221583356,0.023818617893494237,0.1062678339942217,0.018784566239922564,-0.018921280926433096,-0.053411698922053316,-0.053974791178967835,0.0764453246127456,0.002025026388992854,-0.09280776288343268,0.026869710886021907,0.07233124674735135
0.05624141722953639,-0.0705800132698157,-0.031330933751264424,-0.04692813422399564,0.021368043790952897,0.011446617149814632,0.016990217692870502,-0.00656838254665837,0.042925526651947994,-0.09551560689388165,-0.1440079209561055,0.10429539573647237,0.12403078920904366,-0.0006457678827752291,-0.023871355562565224,-0.058343191397277165,0.008459479574761926,0.019480140350127427,0.06172492479650009,-0.026113999248025207
0.045133059778268696,-0.057303110136620025,-0.1006300602386071,-0.0018463913880724043,0.014227644301696213,0.013299768081950708,0.03346669354702918,-0.02448907513743304,0.007857267160547724,-0.004705579073519207,-0.014392418058604006,-0.0638058692795253,-0.0633556138678469,0.09398419602191783,0.04388703001028684,-0.011566125790332737,-0.0010474995874299154,0.07470465975794167,0.0412530694450154,0.007647203826155647
0.07278631505758232,0.06096865205254957,-0.008661529107670792,0.09997230719070743,-0.0913929486601995,-0.10410868899349042,-0.0316425506794363,0.035927777492859095,0.05513061659614432,0.0540666146348003,0.03854671400204242,-0.03050686907130722,-0.06277558279569774,0.056786037172606864,-0.018972018050601128,0.031351497982647684,-0.007127226554979009,-0.007983710456160288,0.04508211629676918,0.03988219489230657
-0.029996510258422242,0.05510313715152196,-0.005497280162853259,0.03682398658407058,-0.011371914566868948,-0.029653917736918625,-0.03168924289026232,-0.09727776033906657,0.033273307251437095,0.005081895116384263,-0.018221203583021327,0.009646427437925103,-0.00579012486572853,-0.04901838751016419,0.01984958212571981,-0.05303446898697771,-0.06010827009686434,0.007492560249742734,0.004041804668402316,0.04858808833539878
0.0013484999170112098,-0.0045923608275385604,-0.03655681734392213,-0.038379297729393316,-0.008591259813323236,-0.00949645988956108,-0.006836199405203801,-0.013150599640928434,0.05722149201001778,0.0406448089584345,0.038450702740014935,0.052387411520978505,-0.09327295676382046,-0.0015918566529121295,0.029648724981096525,0.010236051332028132,0.013817636419295818,0.03569133515664864,0.05201944199912546,0.023171118009106793
-0.06558136469962035,-0.006535165908630004,-0.02262308881851265,-0.03308296059414126,0.09117099212970523,-0.08560685941821752,-0.07474471414877809,-0.009492856558685028,0.03577500519248054,0.0890684957336536,0.030732976358904835,0.07247872706289075,-0.05664621538191597,0.02307618234397954,0.09371825890781808,-0.017034479757513578,0.0011522328505427666,-0.01192749085194358,0.0018410972844643968,-0.0013985899845295883
0.07125793057825121,0.02503086713342111,-0.02206904493235699,-0.012734592956834314,-0.10215410042989144,0.025327378506346428,-0.05284754995692378,0.07392775164928317,-0.01773586341162433,0.0030836974332287045,0.02219658058395279,0.0056163898155246784,0.08403988378678173,-0.04375517079520758,-0.06999111644001904,-0.08357166147804605,-0.06412816219036996,-0.010787075999055484,-0.05697129101463012,-0.05209452332315029
0.008070891756611893,0.014899869005729744,0.09678225573415442,0.008015256122470223,-0.11969011664307713,-0.006650987132090735,0.05600368016758102,0.06185348287580519,-0.0647361488969648,0.041707650855006904,-0.034966643467338514,0.06062531168046785,0.02543611144068526,0.041245580740671084,-0.10800417097437422,-0.0036917029731986274,-0.08963817655377354,0.004282889600645562,-0.02065229495052387,0.07791193027429343
0.0677616478963682,0.01683506147790486,-0.001327278093544655,-0.01613789604007807,0.02663508291660866,-0.03601799796846901,-0.004040819599185199,-0.00013258588773433405,-0.032963609363949944,-0.10937505312703807,0.0023273072174950144,-0.06479533748196296,0.02513807076827473,0.021464121100594865,0.07374079980750604,-0.12828524458946197,-0.007709237907542574,-0.08072644317061219,-0.030021477763691205,0.02827977561805876
0.0011063319167851076,0.05513501594732495,-0.022456606233497194,-0.0046579246920997255,0.01911151011176601,-0.013142816531961907,-0.004006377704162121,-0.0261082902271809,0.03489281818283915,-0.0511739299818515,0.06724258671023056,0.015284859381746896,0.014815922813201599,-0.0005587158406006143,-0.09897791519077515,-0.0050091306782375335,0.024845040060137748,4.316827535065546e-05,0.00024260434578413613,0.11656354948726538
0.018078861070529688,0.07458619566659079,0.059560131358221205,0.010091850999390832,-0.04120587149233722,-0.0022953064232765987,-0.054251180840060816,0.001776325391859493,-0.0009376275840501725,-0.00758672095942663,-0.01451222938752766,0.0454842144673851,0.012785853605367574,-0.022856553428474927,0.010791763497542153,0.06127282149951424,0.010240665456223257,0.0295566397986718,0.0607381594485765,-0.021566853680296646
-0.03857334475380816,0.09597358336640688,0.09863418772594985,0.00033147766902455,0.02138400869771098,0.03906265334955129,-0.028576280873527315,-0.0324969356462034,-0.045710015126940916,0.002683025577941463,0.022266328064066938,-0.06624656779402574,-0.029203767646773852,-0.03220953411356025,0.09616842352515413,0.04816479035365447,0.04309987192195142,-0.06755187282586768,0.00512934498499587,0.0028198683209399327
0.01013195597902738,0.05514490608598701,-0.013880754940662106,-0.008256291979727302,0.04446238179122447,0.010591662049918725,-0.023398068607243312,0.035951247927270315,-0.007452515757982127,-0.08419703043638943,0.03765474338037121,-0.05154298082262122,0.04272062790146542,-0.030924294362597877,0.0005808964585115871,-0.03878733044632601,-0.033126718801840226,-0.002338498840068236,-0.048663062179587484,-0.01191077029228538
0.01849443881068508,0.029289619157974973,-0.05623474849001251,0.07689114720203657,0.052152078345109674,0.04341015291258462,0.007522102832958783,0.06539929634604179,-0.05495334105681006,0.041208627947452614,-0.02200433929166849,0.042237923053854626,0.055427345592383555,0.06364168513306298,0.10996513004028516,0.03569245143544418,0.011897866917810748,0.03659336883024686,0.042705744957829785,0.023076803436072237
-0.011764106006803464,0.05077485576827839,-0.07268403997768284,-0.03402380332616442,-0.02598070138945364,0.05572166870037817,-0.07659420963006003,-0.016827890563880253,-0.04980389572320995,0.0180221214849469,0.0559052914186133,-0.044612987597744916,-0.023235817069306674,-0.03175329552941536,-0.028993263508942456,-0.05583044431986804,-0.01817622881482156,0.040601276188006935,0.045062529363636084,0.009549334788338278
0.05278605374917106,0.09312308241257712,0.013054777660613462,0.0029871357933751396,-0.10150584997867271,0.013689189741844446,0.026321784477233486,0.032025892273729255,0.055971488770700184,-0.0625338903996273,0.018989043134291488,-0.046460248490357785,0.051485102617404105,-0.10070954574851006,-0.03933397962071017,0.01953293475088336,-0.06226934890697342,-0.022950260823214774,0.03469106380899517,0.022467314532136785
-0.027926544971287274,0.004885291042482015,-0.055537541739931515,0.06465965683118788,0.02574972003440179,0.06805949459009945,-0.015830217270467444,0.06399922350601196,0.0033897055129124966,0.02647202304269672,-0.05124225589450536,0.05155438698530239,0.021789091900023323,0.03769079562381902,0.12665385367058496,-0.030952057909830775,0.06660490640323082,0.02203629493922038,0.03304779479142259,-0.028826415883009975
0.011911452921785933,-0.06366573378295966,-0.0005713474388257677,0.027892741067447192,-0.06175855241284269,0.03743578169157502,-0.0006311148251266584,-0.007731661422065334,-0.05067168620023528,-0.013117492813123122,-0.04020840040264764,0.10860533973537606,-0.004814657777562881,-0.058909901794331594,-0.0640854355625618,0.045502000473369775,-0.08254073047759837,-0.002660048958023183,0.05134311698354189,-0.01981770453965115
-0.012509723458531666,-0.0021328166252940926,0.03401365298601152,0.07586542197300893,-0.07793982518235003,-0.020723796467238646,0.014134292387128194,0.046442160256756806,-0.05873908951366222,-0.06040359299873693,-0.042066299613808596,0.07558979701807474,0.0678767270383236,0.033898317298752895,0.03712568774754467,0.007832915936517814,-0.11030598064774032,0.018561136251425824,-0.023091863493163636,-0.0036061111893848337
-0.08575019451925465,0.017349817305492867,0.09123880130214888,-0.04880948750408883,0.039106558737507284,-0.06807811408603065,-0.04269690294781736,0.08399661208980072,0.05273545098153327,-0.009213444526160715,-0.05941635766858521,-0.030168954518893808,0.03731307128652553,-0.01683601882924713,0.015601610283414015,-0.046442271597662316,0.056423920836206294,-0.01834510924946052,-0.05910374225111661,-0.07330491947804006
-0.07629525073672767,-0.10055863752624013,-0.031077773814502805,-0.07721149766380717,-0.0593379786260576,0.07641742348434674,0.007842277033349514,-0.0037519669359631063,-0.0035489491887995116,-0.06270502204049455,-0.12456760987764202,0.09712082988313776,0.019889738122217247,0.02975083038433261,0.01213630742128864,-0.1396836745397389,0.14874019123022128,0.06839656848231765,-0.002809784720059001,0.058640122079401995
