feature_0,feature_1,feature_2,feature_3,feature_4,target
0.9652738679936681,0.13801112473623162,-1.6574539291046313,-1.0528659059590828,0.4070040619404339,-49.483178983737176
-0.5242009297292396,-0.13496670868541463,-1.7176898199609196,1.230278181684644,-0.8201205916274803,-92.35314269805339
0.3150897821171994,-1.2484498958842523,0.29528872294097164,-0.46559544848699397,2.0582171627453203,49.09240205647325
0.273473983637973,-1.3549924582953219,-0.6442040652313301,1.210640015579185,1.924715532554041,104.00329064824825
-0.29677534752428475,-0.33330092818234236,1.189367897170757,0.9283619883589289,-1.6013808577698323,27.286285514175947
-1.418066393798166,0.47043851427016975,1.0614250321455714,0.7642534647703138,-0.42912016288389526,-16.28164983011149
0.6766396723306617,-0.3650574440908685,0.8311057781317684,0.4967702450892603,-1.334920766826471,71.83654828510815
0.10962103944192243,1.4047835731472345,-0.24369086430943682,-0.02629884874701653,0.12643226045054531,44.99393431432168
1.7894885740799644,-0.5236253815286762,0.39883342440086533,-0.5828777558802634,0.11981020919150524,114.19071133386575
-0.41489563053262213,0.83989313186631,0.07190713368185937,-0.3193537976547622,0.9179864831061235,15.814151522400014
-0.18015930523162355,1.2299429378606759,0.15257918672208845,0.27207688822695014,0.7241272794310375,63.50160292525997
-1.0018268152255863,-0.1997195859278033,-0.7626432969947573,1.1958064011929233,-0.043274765716689714,-37.574280430429546
1.297108346776032,1.4432480150702538,0.7381183458121997,0.046958680358681934,-1.5387217192166571,143.66817124976774
1.1498552387234482,1.8451306091266908,0.9711305957442736,0.22256307328139674,2.2396139348162496,292.90248989141054
-2.7043652475259967,0.0015085602585323294,-0.5551857968857017,0.8570938168891852,0.4934372360278101,-190.41174460294422
-1.1887032640682682,0.5083462971357334,-2.2822868376837904,0.05360634777509821,-0.4921178788172309,-212.40365705072185
-0.01300927891590564,0.5922049837211271,-0.20463234843431202,-1.4927634698784868,-0.21689698683229477,-108.63129946212567
0.43802449701914753,1.204511275020844,1.3577890150479748,1.3517961871393613,0.5932172125782157,252.49357945547516
0.9930116285591046,-1.0455735138502469,-0.5434960866348396,0.4306772717771232,1.413413582324276,100.31926886677333
-1.5265606160283998,1.1973244968442507,-0.04736867041192412,1.0152396814809197,-1.530287242283622,-68.23389184950153
-0.8234161121180599,0.2799637467374666,-0.7854684034632746,0.6460613570541955,0.5491149787602312,-36.098550217138296
-0.7996746395208925,0.4999322364493577,0.4015592221517937,0.7391175156368509,-0.23679979056404762,15.192425902412266
0.34387877799896716,0.47709259102872953,0.2514313902971875,0.2977337100219323,-1.002790957187716,36.61993541963812
-1.4601061755714524,-0.4952157620012345,-0.5081914987468069,0.7617860957213675,-0.04692511385216678,-108.81020980620946
1.1586001187579023,-0.4502599578650999,0.8082738876022452,0.5349513704841966,-1.895032575909564,71.6051114825189
-0.7639811791906276,-1.5434660819264037,0.3840452497107766,-1.3689154526360268,1.1630619252137784,-126.49175877762033
1.0040804776514891,0.7352021778089574,-0.898307497209568,1.524773210933687,-1.542664412865657,95.03305824715707
-0.6555693899079243,-0.4879480272217801,0.05352553722008417,-0.1301514466318604,0.7066533738610695,-44.40601034771746
0.4419964615729666,0.7057270023203083,-0.1410113401518933,-1.0888737597075673,-1.2281896613693675,-68.42402452980303
-0.6421754053642993,-1.190828612006171,-1.6204961053615192,-0.7571700559877513,-1.1216708671082158,-259.7379377298925
-0.7521741084838854,-0.21621531111583875,0.5478521367566171,1.1946074511631648,-1.6653423570279042,-19.196226838005785
-0.2484038102002347,0.7759633263050225,0.9044904059502893,0.34997962615604294,-0.7269352946893177,35.826633357793995
-2.236178973257428,0.698835364786331,-0.40939557170856694,2.2413102005811387,-0.1607690640023948,-28.096061743764935
-2.274307671466167,0.49681493085110334,-0.59418559892953,2.1620558232856517,0.13478381957602822,-46.751655930746715
1.2538436904362071,0.06155833902679731,-1.270713222267132,0.24673020774937193,-0.5635145213859905,41.94626690549295
-0.4573727764831537,-0.5593495710975953,-1.3205817579421362,1.8664231085757161,-0.9244255591788487,-51.38276975304923
-1.3424564039596512,-0.31125584116024374,-1.340577339664525,-0.01477903462135528,-0.8754999434433722,-232.9856462833498
-1.120525487066911,-2.692187286470393,0.7805224001111865,-2.2065111645099007,1.3091797896767081,-211.31466745531102
0.33121703404547415,0.2570125771676126,-0.9597745102827581,0.7614199572968887,1.0839523776644926,62.012259392743466
-1.316981981707946,-0.7403318392394158,0.43061488924755614,0.09456765387105226,-0.5465662634778347,-121.83132353148517
-0.7203788564881871,-0.18994710048463165,0.4736458038014906,-1.4055224502397239,-1.0155220111183794,-146.33766423613878
0.05033595387979827,-0.028602117251140986,-1.1691051979334235,1.8568968276646929,1.0529508593936099,102.97287166801459
-1.623048099133119,0.3983651718500124,1.459530497286404,-0.07094070480043319,0.3566990368678875,-30.771805608361067
-1.0745407334382304,-0.5963640382973715,0.6310291187361974,2.3344120982468217,-0.07155924575960122,86.88021931836433
0.45871407694701327,0.20585437903700002,-2.7663344860040797,1.17136415193063,2.344198740830126,59.40898621490497
-1.0561690000183723,-0.9500180100254156,0.5542749330320416,0.8579993511102255,-1.8152558081043626,-92.71467921728927
-0.23840822982407228,-0.6841888317006621,0.1259599121346865,-1.7757404633361322,1.534874978656993,-83.98108695477931
1.9719218921689727,0.12975500218917993,1.1407990966464558,2.0400517490376875,1.0208650286890024,377.3173059116316
0.49139048095793286,0.43972648022329264,-0.44164583219243947,0.19051316341676985,1.2398001358090163,91.22867485581749
-0.9227792823289825,0.10315450171117999,0.1958835731181117,-1.0496738900741227,0.509443151362378,-104.49086531631836
0.5136288113636988,-0.6020512710872508,0.19815826165532385,0.7683232437360219,-1.5580312130439637,26.20547232563346
0.5449519027565989,2.698410960988141,-0.1095919270979062,-2.294638726206415,-0.9944467475688058,-81.25352965275587
-1.4576864211047462,0.36769644465156426,-0.8755813989067697,-0.4941041999561105,-0.013516438314268794,-183.6393915744721
-0.08284401306092869,-0.021143286909308445,-0.9745440997268442,0.1687652036684652,-0.8608699456392673,-89.37812024575081
1.313967830857757,0.6350130762254161,-0.03012610576957469,0.502435230630459,-1.5039778238561405,88.99355430201403
-0.054374155994906796,0.7431501892718955,-1.1690454364935627,0.9104989449725361,-1.1342727310667653,-35.02407323295515
-0.3335437866327996,-1.4166667484045508,-1.4418485745457146,-1.6295015181180854,1.095433351342401,-211.1497417886266
0.7399560714608988,-1.5447106167298144,-1.7473604980607809,-1.0718062149910164,1.156502682409707,-98.21311532702423
-0.429498110547768,0.3575647119332526,-0.28340342113120026,0.5233344755932535,0.6774186624033439,30.803267935793226
0.1766758962916238,-0.7483321216359717,-0.27133817575397245,-0.8120467281548392,0.11494969421517078,-62.189540420134634
1.727967391280685,-0.6109220608985712,-0.7788862053196277,0.7528567207222924,0.5058022018913686,144.7643872993391
-0.04419480068361748,1.0511086796131768,1.5676325528903083,0.40636842563171444,0.24571516951123312,149.8494645889444
0.535778608666398,2.3347109772051575,1.5701058986870995,0.7115958322118957,0.09356041932818726,239.3172047185985
0.40990968161144736,2.0668539540697646,-0.6108254072336768,2.228030310359657,-1.096571895655727,153.64510447343466
0.1658330092370238,-1.961892242675055,0.7887968149252417,-1.8520382433428222,-1.5762548779641914,-191.6960872122678
-1.176515101934332,0.1553321925211992,-0.2577681307645193,0.12962048412755003,-0.8848579704632443,-114.76903170747084
1.9206306510251638,-1.0154179701677464,0.3637034574639644,0.20131821312276807,-0.10866997499964459,148.02731168387947
-0.40782478510519066,-1.566699430398572,-0.4826187834459941,-0.3339349058834412,-0.739670395602853,-156.34253573134447
0.6528292069606302,-0.3785331968679066,-0.21224644664716563,-1.154844673642954,-1.9874735467013913,-127.4135200524602
0.7110180222643898,0.7208058347932988,1.2336880172165778,-0.6100115379613306,1.3350902657521002,149.5355175772919
0.8525866573831876,0.7315457246194301,1.6436405970847188,0.9699318210214534,-1.1837767288289494,188.12362044513526
1.0585375928707705,0.3748107749820204,-2.59697290904202,-0.42314217961111755,0.4404032174902868,-39.83291631639117
-2.787322957226313,1.1085914758057154,-0.8420239754674587,0.25114001835747835,0.006415995413150067,-224.84666143552326
-0.5499474402632397,0.7915424745955475,1.134293272772233,-0.035390826919003186,0.1416021523135291,27.27569694697044
-0.3142736025124585,-0.0863582640103583,-0.20870062455974603,-1.0543124295438302,-1.6319095061224895,-162.80296762718007
-0.6547437769479376,1.4144911683006147,0.17083179733905413,-1.6097973411231303,0.08949334734261842,-93.69727955763634
0.5954306144013146,-1.258941228515656,-0.8518641199014566,0.09358365964795509,-2.202430023643459,-128.51511580177737
-0.6950739986074671,1.6922778365342077,1.9368262638647293,0.49541103785953317,-1.2750332010150005,78.73330473926296
-0.5847903127205548,-0.4512306074245161,0.6383853405442236,1.4736537552818594,0.11975040095447649,74.58029987637352
1.3275975063253023,0.9619678102776192,0.2053670415286643,-0.15073974794680361,-0.2565767360308852,130.3014994883283
0.9356902542075124,-1.4282403050908037,-0.09369889784336466,0.7188312222977792,-0.4494816128152497,44.71468920926183
-0.8806878223357334,-0.8658526828953959,-1.553351645251398,-0.6723517076552893,-1.8082530887119106,-262.72161281057623
2.131549578734257,1.2668259984349186,-0.5444398508104547,1.0751085291207068,-0.420795635790614,219.47343360428516
-1.972836766319258,0.2647069423008967,-0.703123828487274,0.3526445996905552,-0.25169667138753116,-190.2947036389039
-0.6058656030835531,-1.2053369712289888,-0.14236938577829364,-0.5181986541793373,0.3010904590019906,-103.91064164361538
1.8271415277179883,1.058442092609689,-1.0865037733845933,0.747165091729134,0.5944154325470795,205.15702085199396
1.4528552586494998,-0.6528577518230978,-1.020916047987412,-0.5094547557749723,-1.4644599182412357,-33.62128596602139
-0.122315939901835,0.14346707728625135,0.21916957008996207,1.4348447621997378,0.3464613307889435,127.3132893596045
-0.9521588903644851,-0.28260292140517074,-0.8049608691161796,0.03144107283205245,-1.0453826149100598,-173.06614976454713
0.18157707684284963,0.026895436876389393,0.4538152321248871,-0.11090238162376062,0.7593493661648388,61.387672618689635
-0.23946975731280126,0.6464301659040527,0.45974422690161787,0.4874029609137859,-0.48245091128279366,32.32481458797726
0.13907212041841677,-0.061275308283254365,-0.3066118082514247,1.0129464874085148,1.0370388711918654,105.34535249734733
1.549958711050729,0.28363118785072305,0.01954671887430444,0.8935963763701769,-0.3863304502578892,158.90164891732536
0.6318865639749252,-0.21543211038174553,-1.4259915477247695,-0.590314674939793,-0.4457369147013638,-74.25816588463366
0.46665114537905106,0.7887072321921669,0.35357155132727863,-0.6600866156584213,0.02480595353158847,35.5157172109651
2.6550043884304872,-2.491647811571235,-1.9431058668303123,0.6634169034571734,2.6632984702724527,162.12364643802846
-1.0047032378366163,-1.9208784025585495,0.7559020780783572,-3.8038530722876422,0.5486576025442604,-303.3768105320073
0.9060534384130662,-1.094092352070488,0.39853826103407824,-0.2878058308398227,-1.173123756336885,1.7532344502152124
0.7490593167248104,-0.11110316512113626,-0.37613933352268963,0.39404260734032787,-0.24380857337645354,60.1845390661775
-0.34828837028242066,-1.7782084225655785,1.257460329895542,-1.0449536418006566,1.5404967385200996,0.5158291560375545
0.5270697180962234,0.32961333921197766,-1.5511007353068422,-1.1365265400974658,-1.6129902180842572,-154.12633286330595
-0.303009004742183,-1.4367024287692811,-0.36867252472538753,2.8878198632752996,-0.2440984555168677,97.55203547320536
1.0373627738249043,0.5940740399195671,-0.5431954369355392,0.38682500355382643,0.5050041974647694,95.48796081279737
-0.4486471798765865,1.3778775808385726,0.7191993976651915,-0.8597909769265886,-0.015252005932546308,-10.783595334354963
0.08067276567337557,0.7133695870962607,0.5813688890387947,1.251364973690254,-1.4050826820569844,73.88858257065966
-0.002983406984425503,-1.3424787336074195,-0.7215001359409494,2.723769216283926,-1.7524224409057496,32.80622053863201
-0.7278861013439,0.8203522723056507,-0.8609865120257538,-0.025640794617121834,1.229428211370659,-49.65230017063013
-0.9370415856877092,-0.5496655473285317,1.3161186738621569,-0.05725798285204079,0.9094083323716209,8.857056039924311
-0.9240385759108211,-0.22696359396577828,-0.657647079645054,-0.7535313637534381,-0.743533099909734,-185.83663599759706
0.922384604808989,0.18703048965603197,0.19251669254908213,-1.1401845985988972,-0.14608364962014286,9.878879671688225
1.3308304218751097,0.3524322305826219,-1.0195043338632288,-0.9018159633657002,-1.0594562203703703,-21.761716713224242
-0.26585351716360234,-0.6615975478318297,-1.4258160938013034,-0.8369386193205571,0.24754385614987517,-166.26366341164353
-1.6258532818324654,-0.6493009709899229,0.21159254186563414,1.1990647562475154,0.009020258951327556,-56.686298192799576
0.8539263560084511,-0.8894751801852641,-0.007959929156210802,0.35350763375391486,-1.6468437457664888,-7.5176695692849975
0.09378485512786326,-1.2461974108008156,-0.2764813938659848,1.7160212387637288,-0.8340955629507839,31.488246929216974
-3.1897027892252625,1.3327782081335766,1.12013225923654,-0.24333876611630206,-0.16864610124128443,-185.06825893387898
0.43228996384725543,-0.7126815363242786,1.5233761870081777,-1.4601337410361062,-0.3889093797230683,9.304273893105643
0.35852116020570085,1.3225489063439593,0.6878472497797434,0.451151077165399,-1.267503494071625,78.15591923456053
-0.6743068464115805,0.1230977319021158,-1.4495716735510311,0.995141374929161,-0.021609424694862104,-62.516249157308124
0.7877580716583129,-0.647441368556113,1.2872452051203989,0.8437698709539719,0.6840879834601468,208.76013553457634
0.05899129646289269,-0.10317857719549557,1.2139614743581648,-0.5912151538153118,-0.8341550093084907,-12.268365429146698
0.5911327453164446,-0.3604729716559968,-0.11829349164730663,-1.068632116564072,-0.5394307626406479,-53.477315750634425
0.7752662496381627,0.5572013376475113,-1.6903943320979324,0.2344161808499928,0.7133274147745936,11.948735606722355
1.959243704009691,-2.0895761588772404,-0.43176223583129064,-0.8660724299396918,-0.4852410029006377,10.469661976393901
-0.9011069435227133,-0.5991547129300554,-1.6693006436222035,-0.5494623494266134,-0.8046703305099043,-240.49145481431438
0.9216810812779903,-1.1988111485752193,-1.7461633029047052,1.4169897707202668,2.4004656468430654,147.7973695067351
-0.3547715179607188,0.23901763167213552,0.6788581916680504,-0.8684513296502415,1.1480329173575994,-4.49688076440937
-1.7494201226285575,-0.5636402976727259,0.2426698917256789,0.029307230469287397,0.24966249937734777,-148.69993569945862
-0.2979238313712806,1.7570595350387996,0.42433191427176875,-1.1772047358921267,-0.6249398648948692,-35.92030534002285
1.873512176787212,-1.0164846345606584,-0.3508995343118419,0.2729520880723563,0.7126468311286034,137.07174946900054
-0.34676464136892465,-0.1152541836697891,0.9234054590076161,-0.34664707560648444,1.4013915932555556,39.46938585411748
-0.5170112946246963,-2.0673974174850414,0.8648275314398491,1.3858624763898362,0.41373516559598067,58.907775427289266
-0.039468330717741404,0.3063478408513466,0.7655591284073417,0.16967831287856022,-0.6307946911280317,44.71736156674265
0.4992593319339219,1.5235864899417033,0.6408577531243761,-0.19553520537877855,-1.6277909608178545,51.54689941336691
-0.01792098901569381,-0.5458383078571367,-0.577394613197653,-0.3065268017155336,0.6064169188474898,-46.544770797913536
1.3545044372695483,-0.8662360818795904,1.11251656347303,0.560557012542859,2.0695297925189937,247.22777298589006
0.20429681624972826,1.1868089502946861,-0.7917169514587826,2.672840258152374,0.6604288699914331,202.80767141786066
0.21826279196356435,0.9962202849507289,0.47492507209294094,0.9926839155844217,0.26861387753872334,145.24017923896716
0.430900702712729,1.4567777892218337,1.4749863585091865,-1.0470882952809415,0.41602742720602087,104.76650231729032
0.9526704619464872,-0.7305688553737385,-0.4329734240280363,-1.0937249627683698,1.9050878530584454,47.28780022559855
-0.6822480761748039,0.20428536657319188,-1.5377944849265748,-0.28401114815325884,-0.5043238541466815,-155.9453970815016
0.49526906368221096,-0.5794557131512171,0.7527326491966859,-0.014956233246044968,-0.1361780578404978,67.49508935668916
0.9992187360043753,-0.8026672408915766,0.7656522703586258,0.8997909899701082,-0.41415866482311137,153.515405564178
1.5295602617307302,0.006824782163432411,-0.06439018153960473,-0.9894374675566683,-0.4149451824301243,42.23448327306688
-0.8033832713052464,1.2450080017783833,-0.1836000766901074,0.5728670821123076,-0.6537935940169882,-23.71318435145433
-1.1684975304826246,0.014538169612223935,-1.8980796391152526,-2.463697955265223,-0.17294549131853473,-344.71892895195805
0.33460852376114514,-2.9778543958920607,-2.0319672761167125,0.052534464801636205,0.24000426458532434,-133.70379423617916
0.3940625248695538,-0.24762589178271124,-0.23167982904969273,-0.3866323095104712,-0.16430128756655013,-8.28032616780378
-0.8876740667316415,1.8567298778246837,-0.6127739996661806,0.17145788662664396,1.1384925413856146,0.7495692743183535
-0.25211624141687666,0.961204279359444,0.574321990903124,-0.7979525005124389,-0.39238026538716386,-21.22887492001444
0.559141947282498,0.4005402523427675,0.8448907528546352,0.2355828731684929,0.9895616819315759,145.0579654469334
-1.1628790806757596,-2.0345850359196893,-0.8592863725442177,-0.5821467011972903,0.36868553106212165,-204.41893998969567
-2.104250824670424,0.3343140286160145,0.6112962059558436,1.881420879966189,0.3827102026593706,4.852542921286613
0.3746783488786501,0.037259014785182516,-1.1490259173653927,1.3948195663795295,-0.20201625592538994,51.915507600804574
0.18385711342444638,1.4228870296896607,-0.24534132115491641,0.9021944017438603,-0.4407349925624898,76.00583343558479
0.8256941723115964,-0.4168503044103779,0.6523109825843225,0.7380896578044767,-1.0282560260464515,81.1941748734459
-0.806901090380598,1.0528919170355409,-0.7063103537686168,-0.09347128651554495,0.9046602101137592,-57.84672234618468
0.49753331846257054,0.05953371852791537,1.213261858114414,-0.7889196084261106,-0.9358294771088311,18.60404724828313
-1.1045794834534277,2.0598380015281683,0.932866346610091,-0.9349379580809319,-0.885493154616703,-81.11870154563765
-1.7630360957886058,1.169334205570615,1.007295527671601,-0.06091489314794168,-0.10125548946604226,-67.93481728591553
0.5851572428387286,-0.032415176353395546,-1.6399441001682327,-0.3000073640420013,-0.7388152282921511,-89.62218446990424
0.4140250968447056,-1.3632199842629613,1.3665057256711728,0.015653659985217002,0.12072220793889916,76.09876290208499
-1.9667426454250712,-1.3144408016163696,-0.5686255846758106,-0.3298148896858086,2.439286695112208,-165.71601681026021
0.6490264516280401,0.14555047238867436,1.1693731009735466,1.338459854250772,1.9447475005653951,271.79781721734247
0.5556113996055615,-0.0006442826601729482,0.015368639894608455,-0.06675959570625042,0.15582362262659008,60.22048696691659
0.9245886243602122,-0.2676459029699891,-0.11422133877648459,0.20513174092516548,1.0378484567796975,100.28674317356082
0.5750677429830575,-1.731877986185952,-0.5250033966605889,-0.38108387150960743,1.6967733369846894,33.03572116671796
2.302177193827913,-0.0362937780788009,0.1491822335641173,0.1975485484737393,0.21337260248195788,196.2243492736406
-0.8384565525546029,2.07735209036106,-0.014125870054098738,0.4566344726827797,-0.7716578098996993,-8.588263102735715
-0.265393067046961,0.3156484450663902,0.982103780850055,-0.6980824909897981,-0.5981424137234922,-25.66155961321139
-1.9472098661136545,0.566639603958831,-0.10788922342797214,-0.7763938291482462,0.5270561988451719,-166.17176354823076
0.781033347380252,-1.0291620707639564,1.1615963125623552,1.1409126594718968,-2.1750493192804705,89.84072901352731
1.1108251680379584,1.2887424831521364,-0.33768856300790084,-0.002974417464920049,0.11534153745733075,106.91162499144585
-0.7994392402021717,-0.04014045712986196,-0.5806219611220284,0.11324448342832802,-0.12261165443550483,-89.3878365160601
-0.6952240619545691,-0.07824890031668283,1.219197666407933,0.3295319854755907,-0.2794066710935787,39.917895740554854
1.063757375395489,-1.313409516519555,0.6770500263615504,1.655235885880252,-0.914556924529488,157.00207459795226
-0.3899951891658238,-0.5176860441967803,0.47075843707244186,-0.6252046740850348,0.6451890859363361,-24.47222601286867
-0.002208713478819913,1.4785892821080293,-2.6597928141984832,-1.6991785937004704,1.3917193890016828,-152.20825068369632
-0.4934108819088803,-0.842367934138484,-0.7920167907771816,-1.2795026616706042,0.3234610099156434,-166.35438513269534
0.5881633943662544,0.5089889620695094,-0.9843810991552088,-0.9034870413510576,-0.15754229826625715,-64.89088869515987
-0.05446195028888975,-1.5053979137628641,-0.3414049228097463,-0.7036664032493729,-0.7017079125095678,-126.37266878756604
-0.34712265371588563,0.45905967189679686,0.7105028074689019,0.7030870070699543,-0.41847907434243087,36.177829096106684
1.4633056865630547,-0.1878794391673545,-0.6900344657591657,-0.9474480889287298,-0.7153047216024834,-15.55939751512539
1.9149116430357331,0.35631269474330796,-0.1933685157086208,-1.0487511432128103,0.2653915289607453,97.85374878398221
-0.2426200230844156,-0.5805816011376671,0.6840636939643043,0.19681945022524616,-1.6581260826367845,-35.683630139607644
1.0956318078277478,0.371400946267365,0.5794449328057345,0.4395854072274665,1.2067875420368142,198.76982743367194
1.5570119538544784,1.3146419100637057,1.119447629064242,0.4034688045583402,0.020851105673074855,235.18786740429206
0.21391431727032237,1.1828961490562184,0.372566170108487,0.7603080913385748,0.47062118821843785,137.80671948185093
-0.4045340239622074,-0.9389104909640118,1.14892501369591,-1.9014640517184773,1.4474070464881408,-84.842631528134
0.47092110825203626,-0.4068579123707171,1.647485071908067,-1.2312132780358729,-0.9339718350066835,8.299389689894756
0.26425106777430424,1.43664968990339,-0.2099255215546659,0.7942812165768327,0.08348779135582705,101.75485071520548
-1.0894294683309023,-0.5597613073905006,-1.5145109657050797,0.8416225188285681,0.01123134145342559,-136.77638042662238
0.3591954560449924,0.6182936084313935,-1.5929111185524762,0.6846649466669441,-0.7629311908032939,-22.94433993186137
1.1152929302168257,-0.19441882727705964,1.8010063972721235,-0.8421870365260722,1.055364394383209,160.52996556695166
-0.31977943971118394,-1.4640938633393086,-1.2052778341262227,0.4785445320226816,0.7901508529480243,-79.69507364538016
-1.0263527059007629,1.074258461376744,0.9707059910541697,-0.24123649481007303,0.4008309014460847,-1.1998744163926065
-0.1949102040102756,-0.3019886922345698,-0.3650204422271794,2.148540719607677,0.09184128043898435,103.07998039401922
-1.8696188206108517,-0.38690164269151384,0.46993586075705757,1.5745205776016526,0.5267561180871134,-14.516644838162083
0.32752303788400644,0.40308765199171576,0.3234199480000669,0.9425657682515493,0.13091785450295976,128.43163504466906
2.1322507138784,0.15812053520095495,-0.4753575911054107,0.27598185974726447,1.2128144743713372,212.04796568935987
-1.0381882803775495,0.9606600306324522,0.44388096113429387,-0.430363453132603,-0.19502139279623026,-63.423161736770375
1.3794646281238474,0.24750279887546625,0.7560426386513238,0.04713450609654158,0.22710412335349295,170.52448965299345
-0.10901737133730471,0.12877835273019408,1.556186439264636,-2.066948722655315,-0.13003071130989,-75.83983987510297
0.7722802396205715,-0.6500365924448187,-0.09036789586302857,-1.2555932679698159,-0.20607087191116824,-43.128027795672566
0.5526397530533581,1.3758845900222691,-2.0671579386167203,-1.0240039152590839,-1.0678104840238734,-128.16281771964043
0.02980406376689541,1.6042424543290401,-1.5120189229869958,0.8088372887164833,-0.20330343170847948,-2.480215106624895
0.2207573682215156,-0.23853912774499406,-1.1704331093721174,0.5433335650889815,-0.9350753693146795,-36.97001902954183
-1.5274305742941394,-0.3784088135546748,0.10962986749389049,-1.8263292091252743,1.3850280381934807,-214.4088006203384
-0.511981938013239,0.6012757652491943,1.4888757220579343,-0.6976692843559605,-1.0685966282790749,-8.08100183507841
-1.301273925092535,-2.8124229147950897,-0.1779359552463051,0.1673610562636108,-0.015634225252625148,-190.9687652702776
-0.08569716111606829,-1.3467711988596285,-1.6980708807764664,-0.5852490022994435,-0.8338894590313377,-197.62194964945076
1.571646293677337,2.0433793657852304,-1.0930119162656375,0.06411605766120536,-0.7382606931409279,115.15613018359402
1.3007272241034045,-0.7476340513183407,-0.3760255950763588,-0.09365504585006369,-0.30667621591050365,32.05279773349534
1.125758855836237,-0.39288195768217343,0.21865771977812515,-0.2286972650807645,-0.5320792474553208,60.37067849699607
-0.2283210306835901,-0.5131451059514202,-0.854775487342927,-0.9622159843780511,0.09878861473099068,-126.57243924828433
0.23046370096207502,0.9880335995430555,0.40010667045162734,-0.008793741179720654,-0.5999040075224197,47.316393063147274
-1.3861131468599623,-1.4289416377781559,0.1493964099183348,-0.466414076209718,-0.5228327982170599,-199.5863279003189
-0.951562610772135,0.9859800963973488,-1.5700686335461729,0.9239781543019754,-0.2679074087564409,-71.32488547835753
-0.9004790971659937,-1.6256220067624754,0.5157635620515597,0.7474300955455246,-0.22355430609415172,-48.59759630778327
-0.6887305737977152,0.29295634152258276,0.5335330409382317,-0.07271142670657767,0.4371679931584182,-14.321228860296563
1.0106943708212648,1.4585886647721777,0.6183462874808227,1.0301485925431388,-0.7923461054364994,180.83650023234898
-0.2036043817811077,1.021170133693846,1.850097486524959,-1.8286021074288807,0.563624248597565,19.25979749146514
1.1251024704094248,1.9434480773228708,-0.4691016987687023,-0.15423368331640305,0.060516884317458025,116.28267733594079
2.02960340226811,0.523751338259541,1.632423823833253,-0.62415579882112,-1.700507779351282,156.91421630399955
0.8064624946740562,0.2512488242917649,1.3295814212138457,2.511629804251621,-1.0893544326291535,259.33532740613333
-0.7682518832153911,-1.1770281748000802,1.8447845526781832,-0.46354583119901066,-0.5344903196609171,-39.462409451393896
0.19679967511024934,-1.9234451407544793,-0.5370284499533972,0.5227367330935229,0.2572655237878564,-41.751533425525096
-0.5600183406671965,0.45206174688337514,-1.2063722774772097,-0.6952459500688706,-0.9558596248058027,-170.77479286972334
-1.50898131523164,-1.9107080899318925,0.5456555946586372,0.4454269363068002,-1.2937183017069276,-164.36825196073352
0.0017677370849281198,-1.1186776415412225,-0.17645757663063064,1.40187477135441,0.9022445990534217,93.63929735814062
1.4202012485672721,-0.24135783828087104,-1.5732303596058277,-1.0468062908214717,0.3629708436427635,-41.50387589231232
-1.0634979399400715,-0.6707054514472633,0.5348449198248831,-1.6865552622644402,0.02371053640938355,-178.76485362201146
0.08681927006536326,1.8500438785729347,-2.5153542762884533,-0.17580645673226966,0.07507401007744499,-74.9937916294075
-0.4120077327890296,0.29859715422061206,1.1255301554819959,0.3804159839718837,1.4916799226542075,127.63415962769693
1.0261454244876846,-1.61040677325884,-0.330697759927302,-1.3791231563208974,0.7597768890690438,-28.843684171027817
-0.30443788438000613,0.38030801421846366,3.352834657097896,1.1282970046122753,0.8160983574214622,265.0719001910992
-0.05378998327801017,1.2711912582644194,-0.7375511082527808,-0.33472278626075425,-0.7470723538137325,-70.20346461451105
0.11923003401838438,-0.9774655314098105,-0.9446115413102955,0.9217363638755027,0.8798225360378422,25.464764876548355
-0.4742426019684067,-1.5149132322024053,0.009013721202522402,0.41730618578091727,-0.9172906164726028,-90.55748918854475
-0.974001553808932,0.0481865395822066,-2.165806229193636,1.27591422038923,0.4129138452501053,-92.51950200073269
-0.49897600051292623,0.8207121568675522,-0.9348725350260508,0.6911797994773337,-0.05797019769259008,-31.46470428954044
-0.1283041186746317,0.2876466179122786,-0.024339442224466427,1.6356914987736704,-1.1756998944141859,59.44179878886126
0.11404760330098948,0.15583822209143852,0.5277284702696486,1.3014293986554235,-0.8286927702344518,108.25180198926648
-1.6468786137684144,-0.7886846838652335,-0.5445399486076962,1.1565069785707507,0.20474858158303924,-103.04794260897954
-0.3914653786142557,1.087483901836548,0.0967610819097579,1.1465317920305227,1.2514958475694054,136.11532895937052
0.059650798144701776,-0.8040410631197913,1.0512103916204925,2.5170435808167455,1.3824530998046545,246.6705927921294
-0.07811423698295766,-0.5819114296145883,-0.731968430236827,0.7120251789813915,1.4328130401888604,41.62397709620349
0.1958650220376449,-2.3432619056402113,0.3575365158852867,-1.0848325873173328,0.8838931126173458,-59.9907085735742
-0.9158931230708146,1.2075446927981677,-0.4356702316224866,-0.6002503452478473,-0.2064191898742651,-114.9378053273304
-1.6158992125782383,-0.041180143766047554,-0.8519646026261832,-0.27032690176153606,-0.8894777340366425,-228.94003129677495
0.5874183698733543,2.6774447324038553,0.5609002778295635,1.5727889983250172,0.9817396512195041,292.28661903014057
0.4491181494744204,-0.9232073579131264,-1.1147406232415242,0.02136903923401978,0.34848886375046007,-22.8034514854837
2.1614257722140398,0.21660358594736595,-1.4411125883693046,-0.0034272984850992846,1.0208447538105867,144.853602556393
0.32097078441973265,1.5447283608763946,-0.6023080180595345,0.6470340836498365,-0.3384906045519245,61.53689682775717
2.8914238054784995,-0.37377736545331314,-1.0191111986058679,0.6725756925497953,-0.3718424654994773,192.94015404675827
-0.04762832733987017,-1.0249369475532506,0.11810662916255035,-1.4441408082322296,1.267288574385149,-78.73409751040973
-2.12685555942171,0.2750250839891426,0.2753451278485606,-0.31058362310601795,-0.1205664679915208,-182.5017483847185
0.8251846237263087,0.3381263483970462,1.8222054351276777,0.10906277935431352,0.25155289067650305,182.15879719150968
-0.8448337348620389,0.649228173125619,1.3048382232302593,0.9424295040385698,0.19305745131040544,68.11090424687333
-0.5491206752108667,0.3279731329421112,-1.3522113847962538,1.4585902971942613,-0.15343819413272572,-24.336956484377748
-0.43051097501624835,1.9303654515330329,0.5433620140503456,0.564955100274118,-1.6835251204050719,15.217636192902466
-0.1883604431847369,-1.1243558157050197,-0.40613406826874504,1.3428616656281913,0.5654945257355587,26.769882970871322
-0.7081235031603792,-0.4905331589716589,1.4141394799499578,1.1811708688102756,0.47227797067332505,91.51950224130375
-0.8388999034449223,-0.5639714291982834,1.0614641504692515,0.41565056104402254,-0.027445923633994028,9.230797887880794
-1.545159349411475,0.2688322271564248,1.4414778960070702,0.4290540360918662,0.9034630003902674,31.043637969092423
-0.47753268615963773,0.2076550075850339,-0.12220247969770033,-0.14926589409714264,-0.12847425324180264,-51.25955488077575
1.5170884954639527,-0.8159115784069657,0.37471073967236185,0.16334235486480805,-0.4863243105575839,121.93419472309168
0.2318130003070748,1.6571907468966283,0.5705200940086177,-1.5444114714436195,-0.6218222782064365,-37.5391783463924
-1.4171894505781544,-0.18480126979569356,1.0004732025595127,2.192341133000062,1.1264461060836972,126.96896374110894
-0.4392116853371466,0.9762943252336795,0.46313639100966464,0.2312489408636511,-0.15348520127165022,35.24094496920496
-0.29761451565879216,-0.2970379040225088,0.15363120683280598,0.9657041805884066,-1.9786964683399855,-54.1470274032222
-3.1489453000540073,-0.8283945797700828,0.9947471596668022,0.22462575642967533,-0.8322142185250315,-247.1643714992308
-2.0662582847883426,0.4648984325742511,0.1846115441787048,-0.9847176925708658,-0.6758674942134255,-235.1172005968809
-0.9318565426423013,0.6917162977446589,0.8345321657999019,-0.9648635656167943,-0.5459904286142302,-85.30927743514322
-0.6887034819917558,-0.8414092741320521,1.1211243951084882,-1.6858447761938042,0.009758043834516653,-126.92068083575577
-0.23625444956124025,-0.30356900628530514,-1.5883959415472386,-0.706418786359963,-1.1579893231186023,-203.95701479754064
-0.21966112236298194,-1.482385050134975,1.5033981564928736,-0.8561642180677683,1.4811436466626788,36.59038705340119
0.5254892326040485,-0.7037363918799042,1.0647281163457043,0.9005026840318275,-0.5292553471865282,91.10814734611354
-0.7618832227501251,-0.8540155558019278,-1.029683489838573,1.6340995202050332,0.43759905214616646,-18.833663892248826
-0.7542621763801308,-0.47006481284359813,-0.38496232315794576,0.047452867076501946,0.11084929061991772,-85.73123586456316
0.7296818872599656,0.5641700941772473,0.22610143913263042,0.6586517006442072,-0.9967880923227507,93.0305230000415
-0.35952668114815434,-1.6094296123284917,0.6374081664217502,1.3876626381450248,-0.6327013683008658,22.263390367154884
1.63855868990606,-0.589423170941664,0.007892835888764405,1.012389367047989,-0.3589157558472027,164.33573802679248
0.8322165369671238,-0.7329782789169657,0.38217153090277434,0.5060597119402284,-1.2358981814464893,52.925918225831914
-0.28032887222392994,1.283022098556597,1.0262868542875294,-0.8545232309191942,1.3621106122340612,73.33080427275421
0.21925466333819868,-1.5531364659439566,-0.7779814597631098,0.37372055872341425,1.3319506987759322,6.147868776664303
1.0286319384231064,-0.4943801662949681,-1.5300291880043708,-0.9109638486260482,-1.2856978854962622,-104.63183486831093
-2.063710002483496,-0.8712320101601077,0.6855094000065509,1.0225406270154396,0.43175995900049663,-64.64775400108681
-0.7488095755010618,0.05033087910253578,1.7509816386684078,1.4671992826197182,0.6580995056379189,155.8378516435644
-0.8887661568691401,-0.19023789937284458,-0.18320844911067372,-0.1797363195407225,-1.2119655678154837,-146.45352614866675
0.7042722073288928,-0.17555505803176844,-0.8209742936536496,1.109713406811062,-0.26025985033982585,67.09202154223988
-1.0709224027307107,-1.0773631364596319,-0.6269373373395746,1.2769798386772069,-0.7740748327638539,-97.90732976051964
0.15737346707906089,1.29635253014791,-0.7817936120328907,0.4234794305154707,1.2044910414404122,71.75759995950898
0.2949717695740716,-1.1782475343373233,0.701904678656685,-0.5505265899767914,0.7383480290326576,20.043963830986375
-0.5209754606168973,0.9360872517504086,1.485731193382147,-0.8684349492540614,-0.9634024149439181,-26.925184911408603
-0.8551033907323947,0.1258165981474253,-0.10405745168296564,-0.20079855701739602,-0.7569550409823999,-112.16625487653391
0.383598595721904,0.5899499749453588,-0.7258365099939034,-0.4135254729521523,1.3759540346937862,38.94981178996026
0.4982773435729061,-1.6250304576072052,1.5077547188706473,-0.430974814264929,-0.039822239708779544,44.54015527179707
-0.02717170972588047,-0.9465286226442557,1.1239912290276504,1.1187631106496745,1.0561401595707907,150.74216257961533
-0.07722775367035856,0.34143470998675635,-1.9412662910561154,1.8628551351223697,0.6099178020944761,43.07838973647868
-0.982569112106374,-2.0684934995945583,-1.3736363597950005,1.3335425330753503,1.5375527217507483,-80.38143213675431
-0.30574829012047444,1.1694369957089614,1.7122827669227452,-0.2758148731607233,1.1619659136208502,123.12082639471618
0.7597753778218825,1.446521594541811,0.9097566859357606,-0.37685847010241014,-1.1630661074955175,99.55119297494328
-0.6879441902479642,-0.4640312880280612,-0.28685751137601484,-1.1225327360239403,3.3732323086999494,-18.580858963333952
1.049128937343388,0.6235151889115044,0.6056019365943367,-2.198107483434125,-1.1322050138140434,-28.816045569823192
0.47831650582147917,1.237292927160557,-0.7151904957409182,0.8403886468450849,-0.29523047478727005,87.55736960550175
2.094665338082445,0.691002118590122,0.3594289939554043,-1.4857196083622273,-0.9948019075832217,58.120999428491075
0.3982305913441133,0.73587940946113,0.4267062448976751,-0.12089319293664617,-0.9126313800969247,29.059005203010475
0.49614111842074027,0.5609226084315204,-0.9442126788744317,-0.8049656425901573,0.479704016383983,-34.796940487771906
-0.06219278119260479,-0.6212694223032209,0.797678525536809,-0.6590117297798281,2.4209727527176614,75.67957318573788
0.9394693498560777,0.5030968401091914,-0.9784810421186954,0.4064144688948009,0.5596962894039177,86.43417113709451
-2.6918076704799896,0.1407058264513319,0.45370381552364497,-0.4314613323375029,1.0549179707169154,-185.7561834744849
-0.8414244748333863,-0.09381166336532262,0.3833691135692838,-0.4094298564540957,-0.8957479245521986,-110.31100544702292
-0.7125441135282226,-0.9586865863664576,0.32352159299122635,-0.3336646869211666,0.02290180158234664,-76.53313185164244
-0.6952728080419496,1.0853357548692755,-1.4524223710844404,0.4227876942375318,-0.9449025851818987,-110.3014928803023
0.9243033861834187,0.7014177089707351,0.3801861654392823,-0.08514029090246436,0.655024014008057,135.2360867732384
-0.3909246876321675,-0.047391916816901976,0.11715025251160383,-1.1709619523965595,-0.3608273407006341,-106.36749127231818
0.01669176131243596,-1.4332673867544696,-0.5088320152475307,0.917415303052555,0.8245651419747025,36.960901967058845
0.4333841362682999,0.6014108474852289,1.9867701887213947,-0.11127827973127324,0.2556739687477197,151.66356314727204
0.2918395912696462,0.7514119455637641,0.43383886706363917,-1.264668702027948,0.5431253795722862,4.7011693913819155
-0.10279969186436104,-0.7540444171128483,-0.1279845433085139,2.3839235603677382,-0.10698349331894354,113.670301167858
-0.5742500451163755,0.5581489043012671,0.00382222400408219,1.3337130364595415,0.45882522024472,63.60833520515591
0.4155512943337001,-0.17221164887752533,-0.614132402809188,-0.9364639679912895,-1.7444357245033104,-117.84212160534562
-0.47020934305691686,-0.1536618307247823,1.6059926396210291,-1.7861686341240965,0.2895591503361211,-80.58277896313649
-0.16984841340743131,-0.9473766112021414,2.0077903524166834,0.5914238152231273,0.4073446381007257,123.4743737351987
-1.8316251279869702,0.38673208910918017,-0.6966609852046719,-0.3106118650498091,1.5372177202818733,-130.34514799969773
0.4220769626771023,-0.5654802862288791,2.6157067815899495,-1.6544820241370644,1.6204693011816138,104.90752627657689
-1.5739482978317814,0.4946547336774858,0.4268258284949677,-0.3351361969640775,2.0402010014814174,-27.17335722756114
0.2615806870934877,1.3767391035018588,-0.5020653730093495,0.16322725250531353,0.6135895058325957,61.09259345850789
0.8910279087965369,-0.706968285272678,0.5788000901502823,-1.428377807387328,-0.23057576815461966,-11.657467907369579
0.024785479672217493,1.5592827806332639,0.5878605250064424,0.8429940646977514,0.653445556508801,152.1736231775896
0.6081694792261432,-1.956502689026599,1.7437828001463707,-0.6080016596790213,-1.0210833955068233,-11.136794306296792
0.26214826762765914,-1.0152775685680644,1.4099902851650705,0.6238908184984655,-1.5146392037287337,52.36219907525336
0.2754514335088486,0.5834896783595218,-0.1703124132045451,-1.527437490974266,-1.0027172966473514,-85.0782449443491
-0.48156585531891366,-0.16042638402923684,-0.04297154249048262,-1.1530205371349196,-0.34710084306301353,-120.1115111170697
0.3771108156963871,0.22346617943858604,-0.5737158742662711,1.1893926571206912,-0.9837480270564939,48.771918965711556
0.1740370207806919,0.7102129330903725,-2.023536502621152,1.1286362792566242,-0.602826784037739,-10.42013623961585
-0.4138959044658328,-0.13626856894471892,0.7429568390537766,0.4842329022726548,-1.4775715544996628,-29.9156004147777
0.7819914586497986,-0.201181169327462,0.25874633701328287,-0.59056392396512,0.2625289342311894,32.50053405149567
0.26847229348417917,-0.3015378375714705,-0.7559344297452764,-0.056563330639584276,0.9882669685367932,5.906028232459553
-1.797442472113122,-1.467985737284605,-0.70288216646437,-0.8467388913731219,0.2002924683734486,-258.44698775590723
-2.318298790953055,0.16906215531548638,-0.9382013598727752,-0.5106382134664932,-0.7001172468317638,-274.497153906943
-1.1191396722906288,-1.3973278737408372,-0.2928551820643626,-0.6188948520279619,-0.45583897530152495,-182.13953485595354
-0.27108907131230175,-0.8710946793796173,0.6649939071730533,0.300952897229172,1.1389259198954662,37.854441153463256
0.9894865586579343,0.7502979284867325,0.1436226349585432,-0.40957142515378353,0.03819246874812981,85.44996631987324
-0.36622823612357264,-0.28939955355861596,-0.41057119223625865,-0.38031421136229726,-0.7055726576075166,-87.62024430385377
0.016475639239772674,-0.2001416264272586,0.4103185764635153,-0.6753578662429406,0.7815680923348226,13.41176844051776
0.4714419484291411,0.46831490175669854,-0.22526817933800622,0.2569219867547813,-0.6790165573277347,25.979111463716755
-0.31126891022505165,-0.012550938984415044,0.8056692388759787,-0.26082290929071567,-1.4389505404207306,-52.71095256662801
-0.5319688086241466,0.33979629446882526,0.11977295273433437,-1.7535181625478058,-0.46418005235288723,-151.91266355834335
-0.7826068534484084,0.15419257992832103,0.4386878617862437,-0.33454544893633353,-0.571725467249187,-82.21349128507426
-0.8315439431891614,0.6701164577350086,-0.6727466028002431,-1.148872688310003,-1.1481746800640757,-183.17525091829467
-0.3833862606944885,-1.2196390326094788,1.7107827826446658,0.018243542864327306,-1.131650129894576,-14.071112593492344
0.9644294936508848,0.45579788760746126,1.4146539086423011,-1.400069316530072,0.704488438789151,107.35308556585697
0.12283952432635231,0.8788673774911957,0.13320899675550105,1.4449150049849404,0.7982767223332737,187.55243526196654
1.7181814568256921,-0.4129859156635337,-0.2580998613070168,0.1600218071288574,1.3571593193282934,183.69114907517624
0.0879612847034627,-0.2625411738074502,-0.10664351050827497,0.13994974703299737,-1.1540674101013038,-43.944716606176726
-0.08585435952787925,0.3951171995880623,0.6910171881232503,-0.9463162591069703,1.200703641453072,16.55482974806531
-0.41116739026528687,-1.3921964441544799,1.120624363009133,-0.2812499613489592,1.3531443438462145,24.36009310562977
0.16443253518308448,-0.9146263340190642,-1.4070833877678097,-1.5426074437505404,-0.6803134015028344,-188.7169341799537
-0.7204087313879081,-0.14534862889461708,-1.8928285129098,-0.036154956128839,-0.49653268249499694,-180.54871454099205
-1.0154298845390552,-1.182707541659269,-1.7848655798208029,0.18990289586441964,1.000789058170109,-154.20766081054708
-0.09824121458498927,1.094495991417979,2.7916249232825225,-0.4187655048878186,-0.9444589261945652,97.8585652932724
1.5376439733847305,-0.1058130523703925,-1.031632521323364,2.00990161224299,-0.11165729875416829,210.9748400811937
0.8827226942940751,0.02348819808725273,-0.7179730384894276,-0.20828212573025878,0.30399027506396575,32.79280968046082
-0.4622505566361702,-1.3267881597955993,-0.32962882479085687,-0.4046738311517917,0.9147811615292661,-63.77532145137846
-0.25537296163245204,-0.41226900652571397,0.29558637074849214,-0.4701325347103191,-0.23404304051340852,-59.09971725608027
-1.4047048182494861,-0.8239242057006282,0.13291702558632165,2.4221353921869433,1.2059013842983581,62.49308628763125
1.0097787938492988,0.35550316034291257,-0.7663749017247294,0.010434898070893836,-0.7029585666926748,19.993636427229937
-0.8193862788073284,0.6325408489771761,-0.29971183345025015,-0.2965424080938672,-0.23639433899158663,-91.47836641717007
-0.404439653654813,0.820551398981353,0.9541341653374956,0.3051557986923959,-0.5383822658144574,37.55597088858132
0.9145148782419308,-0.4005370298604244,-2.0531336235305346,0.5939766498977936,0.04380991923956489,-1.1000381009800724
0.7682730550220979,0.12273028243350546,1.6086379422121995,-0.9300408937124293,1.2393712443150802,156.9095998892223
-1.0924455086673268,-2.286398167657233,-1.3237538540000438,-0.851020537694771,0.2251680988973904,-257.4060825322784
0.03692613357091319,-0.3084641147785133,1.1188367533878416,0.8042947530731696,1.0908448128814345,156.2039144064777
-0.41727181491994675,-0.14510730175217484,0.5415724540299603,-1.0215827316575077,-2.5117807077003387,-190.74620265557854
-0.8044825460780427,1.91115019395029,0.24805694908089715,-0.44033268125703867,-0.2593181992355875,-28.441141794974115
-0.36899844481962857,0.8875929864527539,-1.3975969338857699,-1.2425771255349518,0.40631504967502824,-157.78003562904073
0.5368076333915633,-0.8777402923539742,-0.8929947312784673,0.7306003022897773,-0.288907902148254,12.762065871484907
1.101711292015106,-0.06702037018811928,0.92672618801363,-0.6216095521823185,-0.8854107372852004,72.58938642631614
0.2352515996854383,-0.5110631825259574,-0.0925597906394988,0.59382267559677,0.8907173875904303,67.24784878293922
-0.009625617544337009,0.4909842025395828,0.42385286614624834,-0.9275040345564423,-0.39925960193579035,-45.06082099682189
-0.8402400248776841,-0.893625446837922,-2.2280577072750214,1.1781974581844266,0.5439367491425428,-97.72335200490019
0.975765935312538,-0.6291632214398348,1.4931464210420158,0.7456940010284208,-0.9594032395917776,148.5959963737044
0.9066007963168424,-1.079601940814109,0.25286880193059313,1.4975104226785834,0.7431772982827767,174.35173602917325
-0.23759416540819217,-0.4214625084896353,-0.1946646428552597,-1.0447307247263338,0.9856589017503153,-77.01494540703199
-0.9674954640183698,0.2185663236051352,0.11364583110585298,-0.4830111662502289,-1.6292244483978024,-174.01456906660917
0.6627843734542046,-1.205571396651913,-0.45654304759977593,-1.165744776524428,-0.9731777644159025,-128.28313896912667
0.852230685998586,-1.6553705785167918,-0.4648029256193852,1.1142010436819993,-1.5562162856343438,-8.225162167154055
-0.6713629222234583,0.3372355972153875,-0.8978374516159481,0.23763559521556324,1.25754407220329,-26.062976324861605
0.9649611783222444,1.7311711202591722,-0.7945348529795642,-0.620876988907041,0.7438236059449352,73.01451449478185
0.9345908551179352,1.443083008740605,-0.7117855567080416,0.7523133206959416,1.0918866127160918,167.02556415179941
2.1217128609126763,0.39553830718990923,-0.6916241897094678,-0.37190787091472144,-0.722238413326392,106.27791955112106
-0.808968213043654,0.5298050113283103,1.031434457113636,1.4760668483892003,0.5175420202199041,121.38876327036577
-0.25095253170499765,-0.10973436596932898,-0.14434969311027773,0.392271510478632,-1.010188035155426,-35.05132701876667
-0.918506119382476,0.8984978128439921,0.5812006399266803,-0.3728014420597348,0.7431962612627363,-19.117006214058794
0.8775105472552704,1.3670374009297221,-0.5151873999960888,0.3845026396189439,0.7107775294036079,138.79832620014545
-0.4382601962147403,1.9554321006834305,1.4204984520414792,-0.39157541669177737,0.43638840024571685,82.13801238356919
0.49184058998337715,-0.2655737509607294,1.0037085890775872,-1.0405931019994223,-1.0394173465086036,-4.169807856018753
-0.7833353170579128,0.343188861038781,1.1842442758270686,0.8796564901822295,-0.9899434179941067,30.278015988847613
