feature_0,feature_1,feature_2,feature_3,feature_4,target_0,target_1
0.12810441491078928,0.8406435489887241,-0.6810516574748808,-0.6526239793023909,-0.4461834332147797,-111.96616927797137,-35.84593415322478
0.7116148780888898,-1.5341141707356223,-1.1246420918378692,1.277676821898509,0.33231401197959165,80.67377938770514,106.37779931260071
-1.5702247198904564,-0.24751863555150475,-0.7271371758248686,-0.07443342910004629,0.620672097550678,-36.94231096540406,-116.58957794739331
-0.8397218421807761,-2.123895724309807,-0.5993926454440222,-0.525755021680761,-0.759132661553698,-166.09081162309116,-221.36301531129774
-0.7198442083947086,1.0571222262189157,-0.4606387709597875,0.3436182895684614,-1.763040155362734,-148.2504172196089,-94.48663202799217
-0.7778166875908753,1.7522704434236227,-1.1105758454658288,0.9356783931474612,1.2715550949941588,107.65537970356064,117.82575281665224
0.117327383308782,-0.5915713888358299,1.277664895788425,0.5470973811700379,-0.20219265243389406,90.3587028089559,28.011210374031265
0.2704568257798388,-0.23894804686640975,-0.05023810944913695,-0.9075636620415979,-0.5767713305683327,-113.32416755416273,-80.12080737487608
0.9980101098596522,2.0883747047807275,-2.8962553781936893,-0.13958962815517376,1.1081828167375165,-28.71495376620767,177.26858086952106
-0.5756378262377739,2.5600845382687947,0.12200981464536144,-0.09605989972464987,1.1492733262856758,88.63054179814362,91.66543385830474
1.6839276914578687,1.0786808334312956,-0.45888426286894,-0.03850846950070721,-0.17262729994081963,12.251300268373365,159.79527149322706
0.07156623721939247,0.47897982574639186,-0.4776574467651167,0.3336621052869483,1.0375399442578992,88.94691348273288,95.51452511339069
0.1605739810498646,0.43693816974634986,0.0030460201534144695,1.1906462747863413,0.9495541354413237,175.37942827756947,161.25303090233888
1.876795812558066,-1.244654703311417,-0.773789199103573,-1.7787202489042786,1.496044311489183,-16.833137175470906,58.79021397035092
0.6543656563540577,0.2799686263198203,-0.05558467091045507,-1.1254890472983765,2.4457519796168263,121.06221177333612,109.78016604329953
0.9261775475316414,-1.3985675738191412,1.9094166404701305,0.5629692366905709,-0.6506425691218269,104.81585381294052,50.566905316311356
-0.5736620068802363,-0.03275327021599839,-0.5468589412403921,-0.543424771133765,-0.7128457826771644,-141.78725169563583,-127.96913227203581
-0.275051697151644,-1.5151910621985523,-2.301921164735585,1.3668742674445247,1.6449677135012837,106.02258437548693,90.74535190042153
-0.926930471578083,-3.2412673400690726,-0.05952535606180008,-1.0243876413342898,-0.2525681513931603,-147.27608957976582,-270.8291399460378
0.1979107834626478,-0.48388583405432156,-0.6514180036144483,-0.32034730819432017,0.4241659464019164,-21.6440277936994,-5.593992644138809
-0.5017570435845365,0.32875110965968446,0.9154021177020741,-0.5297602037670388,0.5132674331133561,32.89317389337197,-34.29576581565954
0.46210347426327075,-0.6002168771587947,0.19905969557347003,0.06980208499001891,-0.3853135968617602,-6.035216234917783,4.606872066420487
0.22745993460412942,-1.6074832345612275,1.307142754282428,0.1846338585323042,0.25988279424842353,96.84110891178653,1.6200551818049986
-0.06267909727317188,-0.9857260463355437,0.9551423205012383,0.5040465155178444,-0.5302576183724408,37.8733286777337,-22.51608937836773
-0.012246772846914623,0.07580455819372633,-0.8972543714858315,-0.6771617115121117,0.9751197334177512,-20.84362610350464,-2.872345099729711
0.056649924897107164,-0.07049877805909122,0.5296927543567308,0.4865016438262019,0.06447441481012024,70.77791372337455,44.16313639645338
0.5583269125217224,0.5387559924463692,0.0760053914124115,-0.9206735930793662,0.169360824036078,-36.90104880992839,8.263899633920808
-0.28067507686677406,-0.09833962679474989,-1.6929568141953855,-0.9885911071509175,-1.103589317215771,-257.12644024030527,-166.53557004932466
-0.2727235697476705,-0.05429486651781221,-2.6968866429415717,-0.23093453020867796,0.6962063648134184,-105.27256360185069,-25.427724377304973
0.7569886166453519,0.8696059201056602,-0.9221653241776254,1.355637858804951,0.41343490322370086,118.57703446465071,201.7364308761858
2.006092888159123,1.2083662305931424,2.061503576636398,1.0240625258114624,0.5925269492011831,291.02514644552656,324.90693508984396
-0.6680904536430488,-0.17495975669540864,0.9920423495365228,-0.7557451594928447,0.5365098435704035,13.36996342361045,-79.05473136993304
0.4599721429391164,2.013387247526623,-0.6777153697521061,0.13653533108273744,-0.3653215513121087,-27.661169846516596,90.78812501733736
-0.2573765374233451,0.39922312260527926,-1.6685840738775894,0.647195939702741,-0.483186462299374,-75.05180722361712,0.05799096953082989
-0.7257438131534656,-0.7553829323533225,0.18676676447707832,-0.6115178029919482,-1.4066610968482223,-173.62839554745642,-199.72422495273324
-0.6231405264247644,-0.6373871273065177,-0.5554771191602547,1.1890165311075518,1.4205042479898549,157.12609231855214,80.62621857091305
0.12522450264790727,0.12229750303228377,-0.429405541125253,0.5432980290363879,0.04886007032570433,29.195981036291982,52.08591213005421
0.2992925804064919,1.5615111967268527,1.301741289398798,0.032004149065766624,-0.7534178703461835,25.174661809758213,50.20869628201111
0.08658978747289992,1.1677820616598074,-0.15567723539207948,0.2544208433012131,0.3376026620752022,48.010403879016806,80.44423367838127
-1.243863235391285,-0.7184072655691974,-0.6929051977959073,0.8949243769444413,-0.2949496782920278,-25.31057308800325,-83.90093696219122
0.4127809269364983,1.8967929826539474,0.82206015999449,-0.2453881160028705,-0.7537361643574896,-15.498002453812417,47.43512131630074
-0.47917423784528995,-1.1063349740060282,-0.18565897666381712,-1.1962066240806708,0.812525822394198,-58.47026593102494,-120.56666815701118
1.196631486645651,-0.1340171666729177,-0.6097829043193822,0.014688194729197093,-0.78489831308224,-59.625249301337405,49.9888554107287
0.3686733088729012,0.028744822934817487,-0.3933388123273607,1.2784518626072987,0.19109906801990334,105.93320226074994,128.70569490817044
-0.6716233679380516,1.1727290192593647,-0.025554070991445278,0.5436001545944323,-0.37061433208610595,0.9112121653907627,2.886749903419371
-2.499405714873573,-1.389572466763596,2.2909425725907417,-1.6453987469568918,1.0225704320096403,-9.933121204315833,-298.55187643723696
0.8219025043752238,-0.29900735046586746,0.08704706823817122,0.0917607765355023,-1.9875689146008928,-124.77729694926472,-37.82923853121399
-1.146345393018688,-0.7542758500193579,0.30263546523903323,-0.06413834659299254,0.3287624103034804,0.6243511054230144,-104.990977745839
-0.015309849172995557,0.11958036841415326,0.5792914996010884,-0.9730689408815555,1.1965715016644913,47.13812308183944,0.23032393145813732
-1.0399059271255309,-1.0534155631736561,0.6127739050625697,-0.6237689606958051,1.9140313538667861,98.28908507591295,-61.420652467179956
-1.485560373036972,0.889630795623437,0.26705026586925884,0.08228398927542419,1.0654803750653512,68.91512753286196,-29.83627355296095
0.8356921120651418,0.5298041779152828,-1.129706854657618,1.4415686206579004,-2.4716445001272893,-112.40682727054605,52.11802861902737
1.9647251329163893,-0.6997255079925856,0.03526355197172861,0.213979910734222,-0.11232804969082982,58.60928408147453,148.31632623381978
-1.2477831819648495,-1.4301413779606327,1.6324113039316352,-0.44004448669698376,0.13074057728609134,15.06587329582315,-162.54830606814284
1.088950596967366,-1.0777447779293061,0.06428001909546277,-0.7153037092599682,0.6795977489346758,23.724759644529147,38.849584159736246
-1.2239402667622565,-0.7699732310586418,0.03408346825922607,0.2337859117907477,-1.5558956462036273,-140.18495452207964,-190.39101802148807
0.7818228717773104,-1.3204566130842763,-1.236950710878082,0.5219415656168976,0.29698467323318606,16.11972428499628,63.136708453936905
-0.5622875292409727,0.3142473325952739,-1.0128311203344238,-0.9080240755212109,-1.4123037013352915,-246.44353991591782,-181.00608469679753
0.02100384163275905,-0.31026675659345604,0.6819529712949639,0.3241663524884421,-0.13014305436768459,47.90922376738073,12.826366290345307
-0.22096959953322298,0.7575077100473051,0.6141667000434252,-0.5305011476105275,-0.57581824064468,-57.97449766035172,-55.50746113924262
-1.0469109826819396,1.185704154662997,0.5366527525272862,0.7189533106650667,0.9960476858058164,140.413847893471,59.79222094893391
-0.3609661658190799,-1.0810633275998973,1.159329803364248,0.6159356069442637,0.5931012579683838,136.81237725235886,17.28670625176099
0.05921843401448826,-0.024125087110003277,0.013929291912946203,0.19808476076785494,-0.14436041192394247,6.313751187684718,10.737560736047483
0.6256673477650062,-1.0708924980611123,-0.8571575564162826,0.4824724152431853,-0.2234627853258509,-11.850231591798856,31.8068227632532
0.6487098875896427,0.14671368643332283,-0.16711808031685435,1.2065089665083568,-0.8169356709872361,40.309560392544064,100.26250638224036
0.4967141530112327,0.6476885381006925,-0.13826430117118466,1.5230298564080254,-0.23415337472333597,111.3820237526912,157.23405350849248
0.820482181197364,1.066674689589154,0.5072740311072977,1.1692955904456728,1.3821589910375272,254.43578939027034,261.4987831972014
-1.1701130260593595,0.541462728204788,-1.8019804375800197,0.7591551603026468,-0.5765104007267194,-104.0650724609457,-68.42523391924946
1.4401172154494728,1.8009404329108156,-0.6763923020592697,-0.04015795064434341,-1.4307751021180481,-100.28466186174113,96.94748316461931
-1.344450511034277,-1.0041407667520679,-0.9186519464841982,-0.7677975651041284,-0.03468488738678118,-150.92725415322118,-207.69472784140063
0.43004164719106963,0.23878915902651351,1.0302834540318422,-0.2590421458207031,-0.19634984908497827,28.519423289927136,22.91250753316642
1.3993554365860021,0.05963036992017413,0.9246336829127688,-0.6469367777055739,0.6982233136135899,88.46211243039201,114.90633036612633
0.6427227598675439,0.19652116970147013,1.3291525301324314,0.7090037575885123,-0.08973569428722672,133.2912210457439,115.37160899582422
-0.24903603955637832,0.3112501545435361,0.5765569630557664,3.0788808084552377,1.1195749114345768,353.781945390809,270.0979884731876
-0.2811002928859549,0.6408428612670098,1.7976865268495226,-0.5711789897827968,0.5725827813561586,86.06134759241569,1.2766113486206283
-1.9754665663538713,-0.14408755572161547,-0.9393353938187543,-1.2096947428411076,0.5999287299962045,-148.58604419958812,-229.61540150153712
-0.48712538376469605,-0.863990769679816,-0.5923939242388692,0.04852162794482699,-0.8309501164110378,-109.440284075306,-113.18171408038134
0.6339190223180112,0.18645431476942764,-2.025142586657607,-0.661786464768388,0.852433334796224,-67.42697521838294,40.18844122013113
0.1846803058649084,-0.9716140385106515,-1.3471262895296965,1.2004139079444254,-0.6568942789713957,-25.41070711603693,23.35314537093324
-0.7567950885694608,1.5013336519554867,-1.4218106667418438,-0.32267983884213575,-0.25083301645504735,-127.58008596593484,-59.025491677390086
0.7384665799954104,-0.11564828238824053,0.1713682811899705,-0.3011036955892888,-1.4785219903674274,-112.44524577978054,-39.40563459900259
1.4412732890661155,1.1631637521549596,-1.4358621511794394,0.010233061019587049,-0.9815086510479509,-102.44372719741861,96.67881958674974
-0.4080753730215514,-1.008086310917404,-2.038124535177854,-1.8707919210258557,-0.35151348404130867,-293.02264295074,-233.64286124181328
0.17989415115347845,0.918316606002313,1.3920022863445993,-1.570500603623177,-0.9896281365703375,-121.72362253681894,-106.06938851533532
1.6391168054440675,-0.5535882417079946,1.6777008140764407,0.5689830791852754,1.628396623128538,297.65495789015165,254.1580350112466
-1.2096410186912054,0.4190190093660452,1.6725723868377034,-0.7050118557584089,-0.05576907765770601,-6.582556627114697,-125.6846917216437
-1.2208436499710222,-1.9596701238797756,0.2088635950047554,-1.3281860488984305,0.19686123586912352,-122.73234447865784,-248.42602303966012
1.1055259329579838,0.6387302220291846,1.1870303055603801,-1.1430049127304835,1.633431532301096,131.81440954662543,125.31129494847185
0.9312801191161986,-0.3092123758512146,-0.8392175232226385,0.33126343140356396,0.9755451271223592,84.43662527386202,133.9380952409751
0.324083969394795,-0.6769220003059587,-0.38508228041631654,0.6116762888408679,1.030999522495951,114.91052455964787,97.76340367123358
1.5307508323436974,-0.213442870930208,1.2187618516973167,1.490726136849952,0.14866745720211155,229.5093851444453,241.73795172859974
-0.07160125941406395,0.7276295436369798,-0.03722223650984159,0.05194588580729943,0.7326400772155792,62.3280789055025,59.69919714367686
0.09707754934804039,-0.7020530938773524,0.9686449905328892,-0.3276621465977682,-0.39210815313215763,-9.868284183123958,-51.46228234163093
0.1335409047822823,0.7081086766885905,-0.1524698363805439,0.9567023167945841,-0.7859894605079495,13.259326758663134,60.557779827263744
-0.15852957302697002,-0.933267959073196,-0.02730453950993186,-0.4432822511915103,-0.8848027140269009,-115.672247178729,-121.62161479816541
-0.1769472274940494,-1.3793192280145272,-0.7982972445384537,-0.7309300399419191,-0.033126972873797095,-112.6089794470966,-120.29277691930065
-1.9187712152990415,0.06023020994102644,-0.026513875449216878,2.463242112485286,-0.19236096478112252,125.42841671240848,7.869417694539199
-0.48423407286625136,-0.7076694656187807,1.2669111491866227,0.44381942814622843,0.7746340534293368,141.8395122158731,17.63554780557019
0.14171691363990474,0.39331783939437187,2.319329539981694,0.1920491164900316,-0.3091164642025014,112.3851308508042,40.312200896513176
0.11092258970986608,0.37569801834567196,-1.1509935774223028,-0.600638689918805,-0.2916937497932768,-122.30359573179884,-44.754899341454305
-0.5518581458924467,-0.5642475986573886,2.5581992856682523,0.18455130319703697,1.5421099525678756,245.36820926547375,48.1516227009243
-0.9378250399151228,0.5137859509122088,0.5150352672086598,0.5150476863060479,3.852731490654721,347.62383461318456,179.50508987281307
-0.12791759148076653,-1.6064463202575725,-0.9555404406004258,0.2034636358672231,-0.7563507452843033,-104.14487191717826,-96.33560528929726
-1.1196698946261439,1.1608267873785194,-1.2946814757209058,-0.46770120131189136,0.3465038817307158,-97.30641648319529,-78.73036063607216
-1.0025293646378088,-0.2886586389201383,-0.01851313599238993,0.3227185603380895,-0.827230943552323,-69.56945807223609,-112.45628267256409
-0.46341769281246226,0.24196227156603412,-0.46572975357025687,-1.913280244657798,-1.7249178325130328,-320.4948971817241,-258.3596336261677
0.7910319470430469,1.4027943109360992,-0.9093874547947389,-1.4018510627922809,0.5868570938002703,-79.50401219426318,36.29319656640443
0.3078017688920592,-1.348185422105713,-1.7101683926566256,0.743264094022715,0.17086543812794186,-12.985455153987822,28.593103850985337
0.10643022769189683,1.5039929885826886,-0.2549772174208553,-2.650969808393012,1.0915068519224618,-123.02261312434017,-74.05838937558703
2.1904556258099785,-0.5662977296027719,-0.9905363251306883,0.09965136508764122,-0.5034756541161992,-25.449967637871868,135.1715691089101
0.42961821913258585,0.27157883719537346,0.20768768716311115,-1.2767485758203094,-1.0810565404082624,-161.93508023031495,-100.14953541769218
0.4363236696740321,0.1200313267182613,0.03800347816820029,0.6135179727304166,-1.0227925651984056,-18.134855905022548,30.815216506063067
0.3853173797288368,0.1537251059455279,-0.883857436201133,0.058208718445999896,-1.142970297830623,-118.30952631159401,-24.885180242342596
-1.6694052811213718,-0.6626237589458467,0.543360192379935,0.5705986685931593,-0.7632591565425169,-37.256149124443326,-154.79542368571325
-1.5506634310661327,-1.0623037137261049,0.06856297480602733,0.4735924306351816,-0.9194242342338032,-79.97885442455745,-176.9590583671957
0.3649610024662254,-0.05761879703358539,2.403415585238275,0.2010990467149675,1.050654396007612,227.90196918384572,115.28404884446229
-0.7928728322623442,-1.035242322419374,-0.10703035995455783,-0.553649305347182,-1.1978778925888485,-170.70985016562116,-201.98567164059753
-1.331232953557778,0.5079913269125437,-1.8362053731032966,-1.1033666061738736,-2.152890592952483,-380.8181483636551,-296.4492819171816
-0.5227230205190395,-0.7043436905427592,1.0490092258368893,-1.4084612963635597,-1.5566291735239037,-199.26847464732856,-238.77934355140943
-0.898414671348358,-1.3202332070206422,0.4919191715065057,1.8314587658543537,1.179440120721287,229.30203258898806,76.15737524692433
-0.9232332461109043,-0.9758732529773327,-1.3516846056163336,1.0536417966078395,-0.949398888831943,-90.14401905349298,-93.74982260464647
0.755391225825756,-0.977555244798551,0.5009171876243808,0.09933230542922587,0.751387123371789,106.66890276518926,79.40633674209191
-1.0700847663261526,-0.6919080698812444,-1.5255251709247388,-0.045586016355497805,0.24333944932269183,-93.32236827454535,-113.80777270363758
0.36139560550841393,-0.03582603910995154,1.5380365664659692,1.5646436558140062,-2.6197451040897444,2.3863716411680325,15.686865391914838
-0.5707462937494763,0.4714155563864041,-0.8323555731042287,-0.5522230442809712,0.6329318177555108,-47.542194611445936,-44.087031413795
0.5885784044206096,0.3946715298229811,1.6699045043514062,-1.1958830620351844,0.4446026682201407,42.593375900184895,12.987614090093542
-0.7968952554704768,-0.2030453860429927,0.57707212718054,0.37114587337130883,-0.6039851867158206,-12.437836389377644,-73.06453129388493
-0.14705738150213865,-0.32138584165299344,-0.8254971967925115,0.41293145427562433,-0.5637245528039747,-59.025820532543385,-29.173401262900477
0.23421473253652075,-0.998354040738791,1.5505004928140769,0.9843223984765838,-0.21398884422550896,138.11239821329937,56.49258381667399
-1.4635149481321186,0.26105527217988933,0.29612027706457605,0.00511345664246089,-0.23458713337514692,-41.30434050103733,-121.51249198763925
-0.6255627015095294,0.4940301862827388,0.39580353343740904,0.2606737658239071,-0.5503051538454201,-17.202932118148187,-42.06783533247427
-0.7143514180263678,0.4738329209117875,1.8657745111447566,-1.1913034972026486,0.6565536086338297,34.73467828911107,-79.06766310131708
1.3173940656343257,2.0752608726252655,0.19759960469239965,-0.6891878180895679,1.7359638031652493,140.348939207416,220.60088664059222
-0.2176812032272203,0.8254163489880298,1.09877685198719,0.8135096360006385,1.305478807154329,220.51071828079822,143.19469281537778
-0.007972641316617372,0.0773683076476183,1.4799441388900259,-0.8612842013282637,1.5231240772696573,126.49084534511611,31.167412422965597
-0.20812225035727522,-0.5893647569442115,-0.4930009346588328,0.8496020970210246,0.35701548596504734,61.209380584739684,37.92310407390741
0.714000494092092,-0.07282891265687277,0.47323762457354485,-0.846793718068405,-1.5148472246858646,-143.5095757648039,-78.1633014330518
0.07409478041977519,-1.3801014582148914,1.6286155455712918,-1.7033824393551547,-0.05554769889661878,-63.013244013296536,-150.88370075277004
-0.7673475628880495,0.18334200573835174,0.8723206367206782,2.1898029332176723,-0.8082982853551515,131.966086580236,62.69738919883678
0.17770100093325383,0.3801978510059632,-1.3353443587101013,0.6105857452838231,0.5597904479310398,32.55714650662356,89.24516259347884
-0.7904744554453119,1.8820244964750337,0.4714683571359957,1.3454200461549777,1.593186626639397,244.424662672375,178.94290194655176
2.5269324258736217,-0.48943944251822213,-0.5308687729203206,1.044160877069072,0.6818914896263114,174.5961759084324,297.2000970012384
-0.24123605785632987,-1.251539424190444,0.3520553965142968,1.4437646040732595,-0.0821511783925688,110.54651434130339,38.901510486728995
0.32135721545027307,1.613711269058647,0.42192075423528475,0.45353430151397983,-0.24415663529064868,55.484966884908296,103.16751158195633
-1.2141886127877322,0.7916626939629359,1.1581108735000678,0.6241198170521551,0.6283455092642799,128.1167093268073,11.87818241536269
-0.5551995266931984,-1.448013900416244,1.8811570694405901,-2.198805956620082,0.4400144500533324,-67.61238650775663,-212.55372422966823
-0.4118769661224674,-0.4325581878196209,-0.48760622407249354,0.39445214237829684,-0.42098448082026296,-40.180256260530115,-46.05864502649839
0.4040508568145384,0.17457781283183896,1.8861859012105302,0.25755039072276437,-0.07444591576616721,120.24871893044005,68.08136880601312
-0.23413695694918055,0.7674347291529088,1.5792128155073915,-0.4694743859349521,0.5425600435859647,82.79927162767709,13.343440683190668
1.465648768921554,0.06752820468792384,-0.22577630048653566,-1.4247481862134568,-0.5443827245251827,-126.0666986791421,-7.545423370370789
-0.12982069973342616,-0.14700200162848862,0.0438114719791096,0.9638791167949097,2.2105230015913513,247.79912202569238,167.26878646498668
-0.8984679817910373,-0.009118996644203544,0.028181157369128247,1.085895565831578,0.4746982328799528,99.77524954382669,27.18574910169784
0.09699596499271819,-0.8182206832334725,0.5951570254369136,2.0923872756854602,-1.006017381499702,112.37523954176623,81.27684558205411
0.7077519354554754,0.632407739055521,-0.5624667758942676,0.9725544496267299,0.6218099622171964,120.14656194809872,176.1863788953347
0.7858001586508322,-0.966976143129213,0.42545756178496474,-0.047711356141979855,-0.0036025390905684044,32.710494522100305,32.22806055629111
-0.21967188783751193,1.477894044741516,0.3571125715117464,-0.5182702182736474,-0.8084936028931876,-83.91854710944055,-44.47315361741334
1.453384477117701,-0.5228600271532683,1.5795721457307124,-0.42018681709585726,-0.2817846088605072,59.65471810177294,70.29566023070146
0.570890510693167,0.9540017634932023,1.135565640180599,0.651391251305798,-0.3152692446403456,103.83467911080707,117.52797035702001
1.5499344050175394,-0.3220615162056756,-0.7832532923362371,0.8135172173696698,-1.2308643164339552,-32.30638019718302,104.97936173970457
-1.4222537095976742,-1.081548003614395,-0.6465728842425266,1.6871416350725648,0.8816397569494505,125.02689007742636,6.525477020534879
-0.30917212346863937,-0.4787486216634773,0.22213377163371284,1.2557561255735208,-0.8946073022195039,27.93656731849156,2.794082733258054
-0.20932367715186612,1.0399046873960764,-0.6690727386599166,-0.6056155397368641,1.8260097135469362,63.57110058874271,63.92717744167501
2.439752406339273,0.5639091200523596,1.3842728185105182,0.594754341665286,0.8534155587803077,252.0872117462357,317.0407770559917
-1.594427658794367,0.005243699718183166,-0.5993750229537729,0.046980593764742055,-0.45006547147924364,-104.65980464525938,-155.94734331693357
-0.9746816702273214,1.158595579007404,0.787084603742452,-0.8206823183517105,0.9633761292443218,31.259867513626034,-43.871868246462526
0.015579047581467534,-1.4400508825942944,-1.0962750868952018,1.5945050632249722,-0.8469613483183278,-4.274224853530237,13.73501626342144
0.3109075655980046,0.8576596232020194,1.475356216949552,-0.1599385299634271,-0.01901620790268883,72.8678954798982,53.38432809734348
0.20838280794755248,-0.24717738252059693,-2.0417348684242906,-0.6819842479977986,-1.0016200098949155,-230.07323694093188,-106.8756902906961
0.3384964074944141,0.6327818661062848,-0.4152879139008013,2.270692857804396,0.18186625505849516,184.71461581711364,215.97746666627876
0.3934853854217496,0.6351718016819695,0.8951932200277323,1.0495527153193351,-0.535235211560568,99.10917739920257,107.18135230408691
-0.04946370965243295,-1.1227220215622986,0.6748194921666038,0.3824097461840506,0.1664522082130561,68.85688511677728,-0.7341633212866026
-0.3095464393139903,-1.251113576385303,0.326133022242118,0.924027019206901,-0.18490213644298903,58.51711481959218,-9.015780495903009
-1.2803043986708944,0.650201177958661,0.8724573282801447,-0.09917586377938291,1.8466369960476658,150.5766783398314,11.326112844875743
2.060747924881987,-0.2489641484790735,1.7553408424432044,0.9715709509543554,0.6453759495851475,268.7600190044839,277.3664293393824
0.3840654489393073,-2.0674421000398766,-0.03269474809409311,-0.08912003951278841,-1.3044695005048532,-113.23864027948515,-111.4495060975287
0.0184183791895517,0.32692737376416264,1.6764373122752827,-0.21910052880886424,0.8294055811834892,134.15162890238486,52.76236783464835
0.19584525509768155,0.40825275571447184,-0.978372777615032,-1.7025836042378404,1.0291556373256436,-93.54782975147779,-44.989158678753874
-0.025026958745143917,1.3902075490173134,0.8177662992002871,0.5578103063518622,0.010352619843380607,92.8089711335076,90.7134628926548
-1.5231869047837747,0.37721187506452086,-0.5589218472715883,1.5655240292343404,-0.0657502610729878,50.953617025213546,-9.981441733151511
-1.183258512665775,-0.26940683444455776,-2.0392321777601006,0.7175422557959623,1.502357052096028,39.687729657787,6.1481241344942035
1.8489560949453452,-0.26888869055483056,1.1265650295477574,-1.1065259087416703,2.5733598032498604,220.534161920231,207.04705021443976
-1.3118362323501596,-0.30522470435466764,-1.0651136630753726,-0.6095122021592831,-0.186971302985446,-152.83833743409303,-179.4477962157408
1.5739867632900328,-1.4643748802098202,-1.2257656630023412,0.22445181855997204,1.0470983026121545,73.01379700489368,141.51830839252972
-0.4937565831613125,-0.4281151609659125,-1.556581898659751,1.5007597906343109,0.8502217421134929,91.45713389095755,83.14388980051838
-1.9520877995225019,0.5883172064845765,-0.15178509503558332,0.28099186773503265,-0.6226995198205938,-83.84154950218561,-154.88776373329685
-0.5172884501003722,2.2988981236192503,1.40934744018558,-0.36283856043965906,-0.4455025214007718,6.112200516647242,-3.7025399012489055
1.091310120594269,-1.092312764672579,0.609138120907177,-0.3164084496948019,1.2130976999791834,124.23276493658835,98.58127999174299
0.6060099513456396,1.7547941819843647,-1.280429352496283,-2.081929407883722,1.6964563682900382,-66.79715490142037,39.20225629925959
-1.6548566718657693,0.07331796718840389,0.8231705839619146,-1.2899608997410539,-1.295078772063616,-206.58772737491662,-286.01856480889074
-0.19068240076334658,0.8700677306887542,0.21743287317972287,0.49568188797260465,0.15041890514357642,61.55121910644157,57.883424315924415
-0.7031764251258874,1.77080063563551,-0.0349884904969617,-0.6269670577877674,1.8124485579969287,83.37367462429182,50.28489014679048
0.4924512640081491,2.4553001399108942,0.2891686439078181,-0.637739984251316,-0.5309969550018176,-49.859875132501585,52.32501315857283
-1.8408742313316453,-0.6248185776956788,-1.2795769667357015,0.026091050210833786,0.517659020469123,-74.21337770861014,-154.00193768733712
1.7945578635177877,0.2237879516388985,-0.5176112990361714,-0.016422896072752075,1.188393273448084,116.37035544939106,211.86080763594785
-0.33708597111803934,-0.30246968648812833,-0.6134026635409398,-0.38817681854122876,0.1704162223754877,-58.45800515785204,-61.3031590027608
-1.9663565893760018,-1.1032083657216831,2.056207129940322,-0.221253623585772,-0.27681329988892067,3.739884942618025,-213.2391996219674
1.0531528533329035,0.6815006973726244,-0.03955515385665504,0.028318376130461172,0.02975613949574519,35.00495249498001,112.90710407553514
0.2110174672026184,-0.5449190868089497,-0.09671311187039239,0.39913611435207086,-0.037634702424848364,26.044494861372286,24.750820296310472
-1.6924646297148194,-0.15800789857898942,1.5295503194606137,-0.42688106994742003,-1.0121043752601675,-83.70247140201649,-215.69405932064103
-0.04692057887918407,0.07682189106025536,0.47704082722312147,-1.2829922241885696,0.99626681944714,0.8180355760892546,-36.88861698195028
-0.6017066122293969,-0.013497224737933921,1.8522781845089378,-1.0577109289559004,0.822544912103189,57.82420601004227,-68.1260434173186
0.6628812686674127,0.18102155870370695,1.173473857485325,-1.2968319479558466,0.3996879517526416,7.146852340559435,-1.3157018227835788
1.8467073257360336,-0.35929209078705954,0.5839281853259639,0.5906548306923093,1.1087035805829077,210.6131977243239,244.00253243226317
-1.889540730945531,-2.4238793266289567,-0.4523063192490767,-1.5839028234857233,0.7604146561442974,-152.06479823748793,-313.1530622010354
-1.4153707420504142,-0.3427145165267695,-0.42064532276535904,-0.8022772692216189,-0.16128571166600914,-136.84488577868214,-196.58977601047903
1.073631749859772,0.132969674146876,-1.0265152994110602,-0.7001208149391732,1.1950466289248425,17.891545281318486,97.38397892190824
0.8836599374866724,-1.5763921569842494,0.6523228784134196,1.4765403497258958,1.3800913541474515,271.8446867455347,201.12373319573246
0.6228499323474987,-0.1423794850212935,-1.0676204293825944,0.12029563171189886,0.514438834058749,12.788726132184808,73.5258511952405
0.538296079049633,-0.3649527295428853,1.0725073373098022,-0.8392096673390064,-1.0448091940210336,-82.43873073590501,-72.95549022106349
-2.59104229214491,0.3918040054025465,-0.5462444482524828,-1.4789115687741288,0.18335991977915564,-196.45386518850492,-300.0625768726499
0.27902152577033923,0.1866091231563581,0.6078965097165392,-0.44643361455052827,0.19408999289830758,19.175769512633202,12.38861136183921
2.3146585666735087,0.6862601903745135,-1.867265192591748,-1.6127158711896517,-0.47193186578943347,-190.36398232449977,60.97898688758353
0.5193465142411723,-0.1087601484568576,1.5327389130025777,0.40171172209894146,0.6901439917111125,175.7018511529446,115.15188074832152
0.7589692204932674,-0.23681860674000887,-0.7728252145375718,-0.48536354782910346,0.08187413938632256,-51.053809234949895,18.634910326664684
-0.3791277409874871,-0.5816809139486437,-0.20358036010236177,-1.0147567306928669,-0.6492775450660071,-154.62990280364116,-157.68818968118256
0.5228354880354996,-0.02435459226098284,-0.573700003938579,2.1422703586118637,1.7275431701007113,289.76245016941044,278.8665053422531
0.9407711879882159,-0.2246331499970246,-0.9824873935383096,0.5500520990245519,-0.9683444548636353,-58.07595451199625,51.375968068455215
1.0098170893426341,2.2524358053443088,-0.6881503451777238,0.9817654869915943,-0.32483138350862245,57.5894836915098,205.97231633963395
-0.5574917850078336,-0.08828204835125482,-1.3698029795790778,2.5797093376543185,-0.8036745679697308,55.291232090394985,81.4874957798902
1.1033018820165215,0.1503017614618776,0.11422764866203965,-0.36361221221385587,-0.056945623721067457,3.3102293896059756,68.25397218184264
-0.4691756521047048,1.3538723741654128,-1.7131345290908775,-0.11453984525261789,1.2378163119734618,-1.4643351493349432,49.26381432820061
-0.172946059923423,-1.3719011429313563,1.7117084801423434,-1.6135613978767411,1.4711703274936085,61.95854316943356,-85.02254174477146
-0.510016398854747,-0.9787637157823074,-0.26987493529337125,-0.4442932600761116,0.3773004930448522,-38.05668588872261,-88.79771654737388
1.356240028570823,1.0035328978920242,-0.07201012158033385,0.36163602504763415,-0.6451197546051243,16.391592300339063,137.1057641618593
-0.29756350335999193,-0.15005558703252672,1.3757068133116195,0.12557645347154225,-0.1730718242838696,55.84565921743696,-19.030595770156353
0.648280433843859,0.41953244390702776,-0.12094814860778157,-0.8874921778021001,-0.43745830032341043,-90.23556839816753,-18.85777841351958
-1.4848979684499035,0.9343199112392737,-2.553921134901955,-1.366878698415421,-0.22476540189268354,-286.856897560499,-219.32076268204594
1.246085192497629,-0.34268759408034877,-2.0733902324081495,-0.37144086599579146,-1.4075116947178212,-211.84511362415324,-23.71532209685338
-0.08071658010858232,-1.9982006845321076,0.07863519031609059,0.9163276747024814,0.3464884758979927,89.2873736831615,9.928448077755922
1.3686315575323487,0.6860514599984393,-0.9649234605801045,1.0584244868495878,-1.7587394864231143,-62.75385919722102,112.34233199937991
0.7589285897867651,0.10420110395187607,0.2811914239693758,-0.06259312789952241,-0.7539645888666763,-29.27359596063467,24.83511996681743
-1.804882100664519,0.048084946661381994,-1.6275424378831627,0.25972250172148187,-0.9043166251044086,-180.44136545087173,-188.24350449532042
1.2477420726737338,0.27899416222380197,-0.6734906242438685,-0.8353470532597573,2.1451491277733883,105.34668282277771,158.926145407262
0.1053755061459599,-0.6013676439512137,-1.3340254949182044,0.31978193414253697,-1.5929937335316693,-167.6726745994846,-81.45606073931111
1.0807807255546218,0.4591800792284367,0.8339221545489041,-0.07016571145864703,-1.6609609335159914,-63.09225966593638,20.061505283638105
0.7716987106483447,1.1487657003721035,-2.8485426206300755,-1.7397137787780996,-0.36244094140313216,-279.514338203158,-61.749446698408875
0.8271832490360238,1.4535340771573169,0.01300189187790702,-0.2646568332379561,2.720169166589619,225.22129801792647,238.90624842900564
-0.3486521344078592,-0.3216350512173826,-0.3492577043184288,2.076747983560841,0.38193545223155334,164.43079908306393,124.51671509520342
2.632382064837391,0.1848361236948739,0.4933179008808892,-0.8583577801812136,0.7003098794089914,84.54444223289075,202.64440080066245
-0.7484865365565536,0.11567463429285867,1.551151975522523,1.1792971840638264,0.06751848141010895,155.65588466058514,41.01449764047043
0.25049285034587654,-0.6800247215784908,0.3464482094969757,0.23225369716100355,0.29307247329868125,61.38084339033903,32.20341968891937
0.3088330125989638,0.24075317948856828,1.702214944635238,2.601683114180395,0.5655096456315442,343.35867177683605,260.0123366119525
-0.5020542243526112,0.7083564472993533,-1.0212328171307132,0.24380071377119883,-0.5640786307367284,-85.63071643764573,-37.54014212492356
0.047398671316414016,-0.38455554422982535,-0.8604133652839524,1.0062928092144405,-0.5768918695231487,-10.35421664433902,25.799699682220258
-0.6929095952606542,0.30729952087660933,0.8995998754332507,0.8128621188389601,0.6296288419236122,141.3809803040128,50.12827816720264
-0.38770155993598415,0.334456789987025,0.28586539072490497,0.6585442726728304,2.0102045387663496,215.95736872785963,131.9799458359691
0.04643654815614881,0.7462535660272207,-1.3598561409799192,0.6454841811410754,2.16325472330546,159.12809630500436,175.87323880402027
0.3577873603482833,1.083051243175277,0.5607845263682344,1.053802052034903,-1.377669367957091,18.004154189141733,73.35324549371948
0.30740669780910074,0.8604734883597454,0.8157372125392968,-0.5830774385689385,-0.1671217137864115,-4.967848307850567,10.500855461480219
0.5389100436846587,-0.1903386780836082,-1.0372461543264564,-0.8756182533847572,-1.382799730964336,-216.0315881869388,-103.38573258696228
0.11351734525124804,1.586016816145352,0.6621306745210467,-1.237815498826849,2.1330333746562666,116.39868573543657,90.21613949578278
0.30154734233361247,-1.168678037619532,-0.03471176970524331,1.1428228145150205,0.7519330326867741,148.5625013969648,105.32052532479543
-0.3357846992901282,-0.2595913513636048,1.669021525289393,-1.5031429531181062,-0.24574306408594432,-64.7810543292513,-142.60533113463103
-0.18687164416135904,1.4469778843537329,-0.4397310582741749,0.19655477651157463,1.0318445394686349,78.32048546336353,96.84115161244115
0.04059169120388238,-0.6629009175509482,-0.7019916878067554,-1.4026052717996935,1.7495767431869393,-9.879056911502488,-32.976610738657506
-0.4465149520670211,0.21409374413020396,0.8563987943234723,-1.245738778711988,0.173180925851182,-52.244156465485815,-102.28503966679487
-0.9913923494563072,-0.6389617476895022,-2.153390113603715,-1.3230897934074983,1.642015160136369,-112.14203137615584,-128.4411499092198
-0.5112156764311852,-0.12578692009964815,-0.9896048202585809,0.055724912288694604,1.0941915184709485,26.825637298580318,6.534862686812003
0.6779258713392691,2.1573082132655035,-0.48791140814570266,-0.6057149230033384,0.742095372009307,17.59299193249633,119.79898668950324
0.2320499373576363,-1.4074637743765552,-1.4480843414973241,-0.718444221252436,-0.21344715171184725,-147.3544997702118,-100.9401433842418
1.1172958315881276,0.4567532191537839,0.34272534637770413,0.5697672802322039,0.44770856001731496,129.9256028733263,173.56977461454878
-0.40122047188583626,0.01259240078179486,0.22409248181041677,0.09767609854883172,-0.7730097838554665,-52.880635637225524,-64.02801985928356
-0.7925207384327007,0.5049872789804571,-0.11473644146689901,0.8657551941701215,-1.2002964070557762,-50.848219966735904,-50.21218063043573
-0.8222203955664315,0.24496657110872277,0.2436872114919123,-0.5069431753711298,-0.4710383056183228,-85.54565637035637,-118.0124680473586
-0.8895144296255233,-0.0771017094141042,-0.8158102849654383,0.3411519748166439,0.27669079933001905,-16.503425212347427,-43.79783007694142
-1.1875984190295128,0.6337768809320985,0.3098207102270275,0.41379909745149823,-0.1852876588777083,4.970853418082622,-54.7126445668148
-1.2608839543350452,2.1221561970126332,0.9178619470547761,1.0324652605511468,-1.5193699659540134,-14.644749861333498,-31.55238694071707
1.328194141849058,0.45588777208160763,0.5562300094006599,2.165002344901084,-0.643518230380143,185.40274047742807,249.0321898443279
-0.651356893791829,0.5863640187550933,-0.5286166817497568,1.2382830714336357,0.02127157673606165,58.38960299216885,50.516186080886065
-1.4137144969049802,-0.9039076414647897,-0.11122606134870032,-0.7355299425897666,1.2360931752104374,-9.230676586516578,-135.82035379434328
-0.13845598398377382,-0.20902325728602528,-1.2242982362893657,-0.8505204542093001,-0.5805234498047227,-178.49907656081703,-118.06228524148459
0.6385924587773739,-0.06607979864731657,-1.6615200622689599,-1.2110161997624567,-0.6518361078021592,-212.3996032292702,-81.74376707572391
0.3885786045309641,-0.006070911539893324,2.4929995174327906,0.8384907744516419,0.08182935854756501,206.9303007732979,114.63854000275992
-0.3345012358409484,-0.6533292325737119,-0.4749453111609562,1.7654542402810969,0.40498171096095553,133.99217360495408,92.79166345628377
0.7129984301723881,-0.3748208075495975,-0.24032539815813503,0.7109599682034915,0.44426331148603976,95.90751736558698,117.739687493665
-0.8289950109220723,0.7472936051232618,-0.5601810401969696,0.6103702654334648,-0.020901593964148132,0.3555784265784567,-5.621862142395628
0.6696725488300385,-0.9398797863273552,0.36659824609684827,-0.5138669173366935,-1.0592135218889516,-93.03238704662607,-64.4933667585535
0.7216720640432351,-0.5245202662797737,-1.1290517712172292,0.48937456122791806,-1.2221278088919454,-97.82251986114642,4.724970068697969
0.024510174258942714,1.4511436077950417,0.49799829124544975,0.9592708260852069,2.1531824575115563,279.0670317231632,233.62571288242117
0.1292211819752275,0.725766623898692,0.10939479460489289,0.4810092317367132,0.22388402427913137,68.59684244922991,81.38319914532173
0.15039378647620763,1.8761708392158862,0.34175597577715944,0.9504238381860503,-0.5769036556624031,61.17427042421479,115.16880396756453
0.9278401280812372,0.26859227886325693,0.0570131248970845,1.5284684264125317,0.5078357562896237,189.4661056988748,220.4036802618298
0.28257995048829965,1.6073455760199926,-0.24869112618354708,0.49097495163825133,0.7348777860498175,101.13461107397934,147.87983458514952
-0.7303666317171367,0.045571839903813784,0.21645858958197486,-0.6516003476058171,2.1439440893253257,109.27591944224606,7.719401593063242
0.440474737960399,0.5524899544171478,-0.019637798926681216,0.22391413406466143,1.3641404299738442,139.2944450273392,141.06508779860235
0.472597482413043,0.9826909839455139,0.25602973431387566,1.6654744444625766,1.0143700650181304,241.97956031595461,244.14252251815628
-0.09888965319114267,-0.29027454418865134,0.9190764829877686,0.26739231407190295,0.3216978061960136,87.78278814343211,24.78454899590159
-1.1583646891925428,0.8773622905756714,1.5033983017671506,-0.22096417382966393,0.02688583899453078,33.56647922285376,-68.90756412264173
0.9382838059759977,0.09612077694098337,-0.5160447282173739,-0.4622752887050425,-0.4344962274323156,-70.38145488585211,21.45973668559756
0.24822058630033608,-0.8498443694647918,-0.4593608995402441,0.8303358165442456,-0.8560838259088672,-23.505574233708032,3.0133288636336495
-1.7607627591558177,0.38115838488277776,0.7533416211045325,1.2897527540827456,0.6731813512699584,146.57875708251697,-0.6318012286370988
0.33088023221445706,-1.9937356425714554,0.8335289616089246,0.37405656984757213,1.2276689924732922,164.96078195164756,57.05878830764873
0.7223813578277714,1.7269638512334051,-0.372833152091767,-0.39963618561460235,0.22468472575188592,-2.6220937101159754,97.78954728760665
-2.211135309007885,0.7708651938869668,0.23561455810856594,-1.4785862457798415,1.143754043206929,-69.26352758855585,-200.32258655699457
-0.18398333635267913,0.34758170536167105,0.01843393306539316,-0.5397596803093615,-0.7783047254023127,-105.7544967541824,-81.87703172011337
0.9325908318730899,-1.7608088119807759,-1.4183657329330317,-1.5256563145700948,1.262584103427182,-75.99637595800657,-35.49752825787519
0.2897748568964129,0.8711247034316923,2.075400798645439,-0.32602353216784113,1.2012139221639448,185.46730522609317,108.07987991848405
-0.30777823495300083,0.24938368371075526,0.21915032766393897,1.5774532797634744,-0.0952955323869521,120.37364253673441,91.33488604732263
0.9640871682883573,-1.2276078151369925,1.1894704889246406,0.597400069849858,0.7011727423108983,180.2766372039981,126.22281290299168
0.2029230208512997,1.5475052013300616,-1.515744114997232,1.7958776730955217,-0.6127886904843862,31.64572103863531,152.17881848732452
